DATE,RAINFALL_MM,TEMPERATURE_C,HUMIDITY_PCT
2015-01-01,0.0,25.8,63.1
2015-01-02,0.0,26.9,61.7
2015-01-03,0.0,27.3,61.4
2015-01-04,0.0,26.7,63.6
2015-01-05,0.0,26.7,65.3
2015-01-06,0.0,25.7,60.7
2015-01-07,0.0,27.2,63.1
2015-01-08,0.0,27.6,63.2
2015-01-09,0.0,26.8,63.6
2015-01-10,0.0,26.2,57.4
2015-01-11,0.0,26.5,59.7
2015-01-12,0.0,26.4,58.3
2015-01-13,0.0,26.5,62.5
2015-01-14,0.0,27.1,59.6
2015-01-15,0.0,26.9,60.8
2015-01-16,0.0,27.4,58.7
2015-01-17,0.0,27.0,61.0
2015-01-18,19.6,25.9,61.7
2015-01-19,0.0,26.6,64.4
2015-01-20,0.0,26.6,63.6
2015-01-21,0.0,26.8,62.5
2015-01-22,0.0,28.1,61.2
2015-01-23,0.0,28.2,55.9
2015-01-24,0.0,27.5,60.7
2015-01-25,0.0,27.2,59.7
2015-01-26,0.0,26.3,62.8
2015-01-27,0.0,27.3,63.9
2015-01-28,0.0,26.7,63.0
2015-01-29,0.0,28.2,65.8
2015-01-30,0.0,26.3,60.3
2015-01-31,0.0,27.5,60.2
2015-02-01,0.0,26.8,65.1
2015-02-02,0.0,27.4,62.5
2015-02-03,0.0,27.8,61.3
2015-02-04,0.0,28.1,67.6
2015-02-05,0.0,27.5,63.8
2015-02-06,0.0,28.0,61.5
2015-02-07,0.0,27.2,60.1
2015-02-08,0.0,27.8,66.1
2015-02-09,0.0,28.3,62.8
2015-02-10,0.0,27.9,62.3
2015-02-11,0.0,27.4,64.3
2015-02-12,0.0,27.6,64.9
2015-02-13,0.0,28.4,64.0
2015-02-14,0.0,27.2,65.0
2015-02-15,0.0,27.3,63.8
2015-02-16,0.0,28.3,64.2
2015-02-17,0.0,27.7,60.3
2015-02-18,0.0,27.2,68.0
2015-02-19,0.0,28.9,59.0
2015-02-20,0.0,27.5,63.7
2015-02-21,0.0,28.0,58.8
2015-02-22,0.0,27.8,62.6
2015-02-23,0.0,28.1,61.2
2015-02-24,44.5,26.9,70.1
2015-02-25,0.0,28.8,64.1
2015-02-26,0.0,28.4,60.3
2015-02-27,0.0,29.0,63.2
2015-02-28,0.0,28.1,67.5
2015-03-01,0.0,29.8,59.5
2015-03-02,0.0,27.4,60.9
2015-03-03,0.0,27.6,66.2
2015-03-04,0.0,29.7,63.9
2015-03-05,0.0,29.0,64.2
2015-03-06,0.0,28.9,67.0
2015-03-07,0.0,29.0,61.6
2015-03-08,0.0,29.1,62.5
2015-03-09,0.0,29.0,62.3
2015-03-10,0.0,28.3,63.3
2015-03-11,0.0,29.4,68.4
2015-03-12,0.0,29.4,59.4
2015-03-13,0.0,29.9,61.1
2015-03-14,15.2,29.8,62.9
2015-03-15,0.0,29.3,69.1
2015-03-16,0.0,28.4,63.2
2015-03-17,0.0,30.2,64.1
2015-03-18,0.0,28.6,60.4
2015-03-19,0.0,29.5,64.6
2015-03-20,0.0,29.1,68.1
2015-03-21,0.0,29.1,66.4
2015-03-22,0.0,29.8,65.5
2015-03-23,0.0,29.6,61.2
2015-03-24,0.0,29.8,65.1
2015-03-25,0.0,29.0,66.6
2015-03-26,0.0,29.4,63.4
2015-03-27,0.0,29.1,68.4
2015-03-28,0.0,29.5,69.3
2015-03-29,0.0,29.6,65.2
2015-03-30,0.0,30.8,69.1
2015-03-31,0.0,29.6,66.7
2015-04-01,0.0,28.5,70.7
2015-04-02,4.7,30.6,74.2
2015-04-03,0.0,30.1,64.2
2015-04-04,0.0,29.8,70.0
2015-04-05,0.0,29.7,71.7
2015-04-06,0.0,29.4,65.1
2015-04-07,2.8,31.1,66.8
2015-04-08,0.0,30.1,66.5
2015-04-09,0.0,29.0,68.1
2015-04-10,0.0,30.3,67.6
2015-04-11,0.0,30.8,68.2
2015-04-12,0.0,30.2,71.5
2015-04-13,0.0,29.6,63.4
2015-04-14,0.0,29.6,66.4
2015-04-15,0.0,29.7,71.5
2015-04-16,39.7,30.4,77.2
2015-04-17,18.4,29.9,69.4
2015-04-18,2.6,29.3,72.0
2015-04-19,16.0,30.3,76.5
2015-04-20,14.1,30.2,72.3
2015-04-21,0.0,30.2,67.4
2015-04-22,0.0,29.8,73.3
2015-04-23,0.0,29.8,76.0
2015-04-24,0.0,31.2,68.3
2015-04-25,0.0,30.7,71.3
2015-04-26,0.2,30.8,74.6
2015-04-27,2.4,30.7,72.2
2015-04-28,0.9,30.8,66.6
2015-04-29,8.6,30.2,74.4
2015-04-30,0.0,30.5,69.1
2015-05-01,0.0,31.4,68.4
2015-05-02,4.2,31.5,67.8
2015-05-03,6.8,29.8,77.1
2015-05-04,29.8,30.0,74.7
2015-05-05,0.9,31.2,74.0
2015-05-06,0.5,31.9,74.8
2015-05-07,0.0,31.9,73.7
2015-05-08,0.2,30.3,74.3
2015-05-09,15.7,31.3,77.0
2015-05-10,25.4,30.4,77.9
2015-05-11,0.6,31.5,71.7
2015-05-12,2.1,31.3,71.8
2015-05-13,2.5,30.1,74.3
2015-05-14,5.7,31.1,74.9
2015-05-15,4.0,31.4,76.4
2015-05-16,0.0,30.9,78.0
2015-05-17,0.0,30.8,75.9
2015-05-18,17.0,29.7,75.2
2015-05-19,1.6,31.3,68.9
2015-05-20,0.0,31.1,73.1
2015-05-21,0.3,30.4,71.5
2015-05-22,19.8,30.4,76.5
2015-05-23,0.1,31.1,76.6
2015-05-24,9.5,30.5,77.7
2015-05-25,3.5,30.9,82.3
2015-05-26,25.0,29.4,81.5
2015-05-27,30.8,31.2,86.8
2015-05-28,41.7,30.2,85.0
2015-05-29,24.6,29.8,83.7
2015-05-30,56.0,28.4,84.3
2015-05-31,46.7,30.7,80.9
2015-06-01,2.0,31.3,76.2
2015-06-02,33.7,30.5,82.4
2015-06-03,47.9,30.6,82.8
2015-06-04,5.7,31.4,75.5
2015-06-05,1.2,31.1,79.2
2015-06-06,7.9,30.7,76.1
2015-06-07,63.6,29.5,83.0
2015-06-08,0.8,31.2,75.0
2015-06-09,14.0,31.5,79.8
2015-06-10,73.9,29.7,86.6
2015-06-11,34.5,31.2,83.1
2015-06-12,35.7,30.5,85.9
2015-06-13,50.1,30.2,88.1
2015-06-14,6.7,32.2,78.0
2015-06-15,0.2,31.9,75.2
2015-06-16,22.1,31.5,80.8
2015-06-17,0.1,30.4,81.3
2015-06-18,0.2,32.2,82.2
2015-06-19,68.7,29.6,90.9
2015-06-20,17.4,30.4,85.9
2015-06-21,10.4,29.3,86.5
2015-06-22,33.8,30.3,83.5
2015-06-23,23.8,29.7,88.0
2015-06-24,60.3,29.8,88.4
2015-06-25,9.8,29.9,84.8
2015-06-26,26.1,31.3,86.3
2015-06-27,20.1,30.7,77.5
2015-06-28,72.7,30.9,88.5
2015-06-29,3.2,30.0,77.4
2015-06-30,8.3,31.4,76.6
2015-07-01,38.5,28.8,89.2
2015-07-02,23.1,30.3,90.5
2015-07-03,12.0,30.0,82.0
2015-07-04,4.9,30.2,84.3
2015-07-05,0.0,30.3,85.5
2015-07-06,21.8,29.6,85.0
2015-07-07,121.2,28.6,93.1
2015-07-08,2.3,30.2,80.9
2015-07-09,55.1,29.4,91.2
2015-07-10,1.6,31.1,84.3
2015-07-11,23.7,30.1,86.4
2015-07-12,53.4,30.0,90.8
2015-07-13,13.1,29.2,83.4
2015-07-14,5.3,30.0,77.6
2015-07-15,10.1,30.5,85.9
2015-07-16,47.7,29.5,85.0
2015-07-17,43.9,28.8,90.2
2015-07-18,14.5,30.5,86.2
2015-07-19,4.6,29.8,79.1
2015-07-20,1.2,29.6,80.2
2015-07-21,18.0,30.0,90.9
2015-07-22,1.2,30.1,81.8
2015-07-23,69.4,28.5,88.7
2015-07-24,12.6,29.4,86.2
2015-07-25,8.3,29.2,80.9
2015-07-26,4.6,29.6,76.9
2015-07-27,1.8,30.5,83.8
2015-07-28,0.0,30.0,79.2
2015-07-29,2.0,30.4,83.3
2015-07-30,8.6,29.9,80.9
2015-07-31,0.7,29.4,84.2
2015-08-01,0.0,28.7,82.5
2015-08-02,0.0,29.1,74.2
2015-08-03,4.4,29.1,83.8
2015-08-04,6.9,29.0,82.1
2015-08-05,4.2,30.1,86.8
2015-08-06,2.7,30.1,83.5
2015-08-07,11.9,30.6,86.0
2015-08-08,0.3,29.0,79.8
2015-08-09,19.2,30.0,82.4
2015-08-10,33.3,29.7,86.7
2015-08-11,16.6,28.9,83.2
2015-08-12,5.2,29.5,86.5
2015-08-13,5.4,29.9,82.1
2015-08-14,29.6,28.6,82.5
2015-08-15,41.8,28.2,85.4
2015-08-16,3.2,28.7,85.0
2015-08-17,0.0,27.7,81.0
2015-08-18,0.0,29.1,80.8
2015-08-19,0.0,28.6,84.6
2015-08-20,61.1,27.1,87.8
2015-08-21,0.0,29.2,74.6
2015-08-22,9.7,27.8,80.1
2015-08-23,16.6,29.0,84.4
2015-08-24,14.3,28.8,82.5
2015-08-25,6.6,28.4,77.3
2015-08-26,5.8,28.5,84.9
2015-08-27,44.1,27.1,88.0
2015-08-28,1.8,29.0,82.2
2015-08-29,2.0,28.6,82.3
2015-08-30,14.1,28.4,78.9
2015-08-31,13.7,28.5,83.5
2015-09-01,0.9,28.0,83.3
2015-09-02,9.3,27.3,85.2
2015-09-03,8.1,28.8,83.6
2015-09-04,27.7,28.2,85.9
2015-09-05,0.0,27.9,74.9
2015-09-06,0.0,28.5,79.9
2015-09-07,0.0,28.9,77.0
2015-09-08,0.0,28.8,83.6
2015-09-09,0.0,27.8,83.0
2015-09-10,0.0,27.2,76.7
2015-09-11,0.0,27.2,79.3
2015-09-12,0.0,27.8,80.0
2015-09-13,0.0,28.8,81.9
2015-09-14,0.0,27.4,74.0
2015-09-15,7.9,27.3,73.5
2015-09-16,13.9,27.2,81.0
2015-09-17,8.6,27.3,72.4
2015-09-18,0.0,27.7,79.0
2015-09-19,7.3,26.8,81.3
2015-09-20,10.5,28.1,83.6
2015-09-21,8.0,27.3,77.5
2015-09-22,16.8,28.7,81.0
2015-09-23,0.0,26.8,79.8
2015-09-24,0.0,28.4,74.2
2015-09-25,15.8,28.0,82.7
2015-09-26,0.8,27.1,78.4
2015-09-27,0.6,27.1,75.6
2015-09-28,3.2,26.7,78.1
2015-09-29,2.1,26.7,76.9
2015-09-30,0.0,27.2,79.2
2015-10-01,0.0,27.2,75.6
2015-10-02,16.2,25.9,79.7
2015-10-03,11.1,28.3,76.2
2015-10-04,56.5,25.8,81.9
2015-10-05,4.5,27.0,77.3
2015-10-06,10.7,26.4,74.9
2015-10-07,17.7,26.5,80.8
2015-10-08,4.5,26.7,78.1
2015-10-09,19.8,26.5,76.1
2015-10-10,12.6,26.6,77.8
2015-10-11,1.6,27.3,73.1
2015-10-12,1.7,26.9,70.4
2015-10-13,0.2,27.2,73.0
2015-10-14,42.5,25.9,80.9
2015-10-15,15.0,26.6,78.3
2015-10-16,22.4,26.1,78.1
2015-10-17,5.0,27.2,77.6
2015-10-18,0.0,26.8,71.0
2015-10-19,42.6,25.7,79.1
2015-10-20,0.7,26.5,78.7
2015-10-21,19.8,26.1,70.6
2015-10-22,7.0,26.4,73.0
2015-10-23,0.0,26.5,69.9
2015-10-24,0.1,26.1,72.4
2015-10-25,47.9,26.0,78.7
2015-10-26,3.0,26.9,74.9
2015-10-27,41.9,26.6,79.5
2015-10-28,28.8,25.4,72.7
2015-10-29,0.6,26.8,70.4
2015-10-30,0.0,25.2,71.9
2015-10-31,0.0,26.8,74.0
2015-11-01,0.0,25.4,78.9
2015-11-02,0.1,25.7,73.5
2015-11-03,0.0,26.5,68.2
2015-11-04,7.9,25.7,72.0
2015-11-05,0.0,25.8,71.4
2015-11-06,0.0,25.9,69.2
2015-11-07,0.0,26.6,72.0
2015-11-08,10.0,25.4,65.1
2015-11-09,40.1,25.3,77.9
2015-11-10,0.0,25.9,68.6
2015-11-11,0.0,26.6,69.5
2015-11-12,0.0,26.6,74.1
2015-11-13,0.0,25.0,65.7
2015-11-14,4.6,26.6,70.9
2015-11-15,1.5,25.7,71.8
2015-11-16,1.7,26.2,69.8
2015-11-17,3.3,25.4,64.5
2015-11-18,33.4,25.6,77.8
2015-11-19,0.0,27.6,67.9
2015-11-20,14.1,25.8,68.9
2015-11-21,4.8,25.7,68.0
2015-11-22,16.2,25.6,69.4
2015-11-23,2.9,25.1,64.8
2015-11-24,0.0,26.9,68.2
2015-11-25,0.0,26.2,65.8
2015-11-26,0.0,25.4,69.5
2015-11-27,0.0,25.4,68.8
2015-11-28,16.4,25.7,74.5
2015-11-29,6.7,26.4,67.4
2015-11-30,1.9,25.3,64.7
2015-12-01,0.8,26.7,62.4
2015-12-02,0.0,25.9,73.1
2015-12-03,0.0,25.4,68.4
2015-12-04,0.0,25.7,64.2
2015-12-05,0.0,27.1,71.2
2015-12-06,0.0,25.2,70.1
2015-12-07,2.2,25.5,62.1
2015-12-08,4.0,26.5,64.0
2015-12-09,0.0,26.2,65.2
2015-12-10,0.0,25.6,62.2
2015-12-11,0.0,26.6,65.0
2015-12-12,0.0,26.7,67.3
2015-12-13,0.0,26.3,60.9
2015-12-14,13.6,25.4,67.9
2015-12-15,0.0,25.8,68.3
2015-12-16,0.9,26.2,66.0
2015-12-17,0.0,25.3,64.4
2015-12-18,0.0,26.9,62.5
2015-12-19,0.0,27.2,66.9
2015-12-20,0.0,26.0,60.7
2015-12-21,0.0,26.4,64.9
2015-12-22,0.0,26.9,64.1
2015-12-23,0.0,27.4,67.3
2015-12-24,0.0,27.1,62.1
2015-12-25,0.0,25.2,62.2
2015-12-26,0.0,26.1,59.9
2015-12-27,0.0,26.6,64.9
2015-12-28,0.0,26.0,62.2
2015-12-29,0.0,27.4,60.8
2015-12-30,0.0,27.3,61.0
2015-12-31,0.0,25.9,64.8
2016-01-01,0.0,26.3,59.8
2016-01-02,3.6,25.9,60.5
2016-01-03,0.0,26.3,65.7
2016-01-04,0.0,26.3,62.4
2016-01-05,0.0,27.0,65.7
2016-01-06,0.0,26.0,61.7
2016-01-07,0.0,25.0,62.7
2016-01-08,0.0,25.6,63.1
2016-01-09,0.0,26.0,66.7
2016-01-10,0.0,26.2,66.4
2016-01-11,0.0,26.7,65.9
2016-01-12,0.0,26.0,60.5
2016-01-13,0.0,26.0,59.4
2016-01-14,0.0,26.2,64.6
2016-01-15,0.0,26.1,66.4
2016-01-16,0.0,26.4,65.7
2016-01-17,0.0,26.5,62.2
2016-01-18,0.0,27.3,64.4
2016-01-19,0.0,26.3,64.4
2016-01-20,0.0,26.7,62.6
2016-01-21,2.4,26.6,63.0
2016-01-22,0.0,27.5,62.4
2016-01-23,0.0,26.9,59.7
2016-01-24,0.0,27.7,60.0
2016-01-25,0.0,26.4,59.9
2016-01-26,0.0,27.1,57.2
2016-01-27,0.0,26.8,62.4
2016-01-28,0.0,26.5,61.9
2016-01-29,0.0,27.2,64.3
2016-01-30,0.0,28.3,65.8
2016-01-31,0.0,26.8,66.0
2016-02-01,5.1,27.2,67.0
2016-02-02,0.0,26.6,59.8
2016-02-03,0.0,26.5,57.7
2016-02-04,0.0,27.0,64.9
2016-02-05,0.0,27.2,66.2
2016-02-06,0.0,27.3,66.8
2016-02-07,0.0,27.4,63.6
2016-02-08,0.0,26.6,56.2
2016-02-09,0.0,27.3,63.3
2016-02-10,0.0,28.0,63.9
2016-02-11,0.0,26.9,66.0
2016-02-12,0.0,27.6,66.6
2016-02-13,0.0,28.0,65.1
2016-02-14,0.0,27.4,60.6
2016-02-15,0.0,28.1,59.4
2016-02-16,0.0,27.0,64.1
2016-02-17,0.0,28.5,60.2
2016-02-18,0.0,28.2,67.0
2016-02-19,0.0,28.1,57.5
2016-02-20,0.0,28.8,64.4
2016-02-21,0.0,28.0,63.7
2016-02-22,0.0,27.8,62.2
2016-02-23,0.0,29.1,60.2
2016-02-24,0.0,29.4,56.8
2016-02-25,0.0,27.9,61.5
2016-02-26,0.0,28.3,61.6
2016-02-27,0.0,29.0,66.6
2016-02-28,0.0,28.4,61.0
2016-02-29,0.0,28.9,64.8
2016-03-01,0.0,29.0,59.6
2016-03-02,0.0,28.2,65.0
2016-03-03,0.0,28.9,57.0
2016-03-04,0.0,28.7,70.1
2016-03-05,2.5,27.9,63.8
2016-03-06,4.2,28.1,56.2
2016-03-07,0.0,28.4,61.9
2016-03-08,0.0,29.4,61.6
2016-03-09,0.0,29.5,62.3
2016-03-10,0.0,29.4,63.3
2016-03-11,0.0,29.2,62.5
2016-03-12,0.0,29.3,62.2
2016-03-13,0.0,29.2,61.3
2016-03-14,0.0,29.3,67.3
2016-03-15,0.0,29.4,68.6
2016-03-16,6.2,28.2,65.3
2016-03-17,0.0,28.7,65.2
2016-03-18,0.0,28.6,62.0
2016-03-19,0.0,30.0,65.7
2016-03-20,0.0,30.3,66.3
2016-03-21,0.0,28.1,65.1
2016-03-22,0.0,30.4,67.1
2016-03-23,10.6,29.3,68.6
2016-03-24,0.0,30.1,63.0
2016-03-25,0.0,29.8,69.9
2016-03-26,0.0,30.4,65.9
2016-03-27,0.0,29.7,71.6
2016-03-28,0.0,28.8,68.0
2016-03-29,0.0,29.6,72.8
2016-03-30,0.0,30.0,70.6
2016-03-31,0.0,29.6,67.9
2016-04-01,0.0,30.2,65.2
2016-04-02,0.0,29.8,65.4
2016-04-03,0.0,29.5,69.3
2016-04-04,0.0,29.3,68.3
2016-04-05,8.0,29.6,67.4
2016-04-06,3.1,30.0,71.1
2016-04-07,4.5,28.8,69.1
2016-04-08,0.0,29.6,71.0
2016-04-09,0.0,28.9,65.7
2016-04-10,0.0,29.8,71.8
2016-04-11,0.0,30.9,70.5
2016-04-12,0.0,29.5,72.7
2016-04-13,27.3,30.1,76.3
2016-04-14,1.7,31.9,69.5
2016-04-15,0.2,31.1,69.1
2016-04-16,0.0,30.4,75.1
2016-04-17,0.0,30.9,69.1
2016-04-18,0.0,29.5,72.4
2016-04-19,0.0,29.5,69.1
2016-04-20,0.0,30.4,64.9
2016-04-21,31.1,30.1,71.6
2016-04-22,0.0,31.1,72.0
2016-04-23,0.0,30.2,73.1
2016-04-24,0.0,30.6,72.4
2016-04-25,0.0,30.6,74.7
2016-04-26,0.0,30.5,72.7
2016-04-27,0.4,30.5,69.4
2016-04-28,8.1,29.9,74.8
2016-04-29,0.0,30.8,72.5
2016-04-30,0.0,30.8,70.4
2016-05-01,20.4,30.0,76.8
2016-05-02,0.1,31.1,72.8
2016-05-03,2.0,31.3,71.2
2016-05-04,0.0,31.2,72.3
2016-05-05,0.0,30.1,77.3
2016-05-06,5.9,30.7,78.2
2016-05-07,8.3,30.1,75.2
2016-05-08,13.8,30.6,75.8
2016-05-09,0.1,30.3,69.4
2016-05-10,8.7,31.4,80.3
2016-05-11,14.9,31.0,79.4
2016-05-12,5.1,31.5,77.2
2016-05-13,3.1,31.5,68.0
2016-05-14,1.2,30.7,74.9
2016-05-15,2.9,30.6,74.8
2016-05-16,1.2,31.9,77.1
2016-05-17,1.9,30.8,74.0
2016-05-18,0.7,30.1,74.6
2016-05-19,0.1,31.6,77.3
2016-05-20,0.0,31.0,73.2
2016-05-21,0.0,31.9,74.0
2016-05-22,3.5,31.1,77.0
2016-05-23,6.3,30.8,81.0
2016-05-24,9.3,31.7,80.0
2016-05-25,4.3,30.0,80.2
2016-05-26,10.6,30.4,78.3
2016-05-27,0.0,30.5,81.1
2016-05-28,0.0,29.7,71.6
2016-05-29,7.1,31.4,84.1
2016-05-30,2.4,30.6,83.9
2016-05-31,7.3,31.4,79.7
2016-06-01,25.9,30.7,83.8
2016-06-02,22.5,30.9,80.8
2016-06-03,3.9,30.6,77.6
2016-06-04,24.0,30.1,79.6
2016-06-05,7.5,30.9,78.9
2016-06-06,12.1,31.3,81.6
2016-06-07,19.6,30.6,82.4
2016-06-08,32.0,29.9,89.1
2016-06-09,7.3,30.1,79.9
2016-06-10,16.4,30.8,76.6
2016-06-11,15.1,30.3,85.9
2016-06-12,3.7,30.8,75.8
2016-06-13,0.0,30.8,77.3
2016-06-14,37.3,29.9,85.5
2016-06-15,2.0,31.0,80.8
2016-06-16,6.3,31.1,76.0
2016-06-17,20.6,31.7,80.3
2016-06-18,15.5,31.0,77.5
2016-06-19,42.8,31.0,88.0
2016-06-20,5.5,30.2,84.2
2016-06-21,59.8,28.7,85.2
2016-06-22,24.5,30.3,86.7
2016-06-23,2.1,31.3,83.2
2016-06-24,4.0,31.1,78.8
2016-06-25,0.5,31.5,74.4
2016-06-26,22.5,28.8,80.6
2016-06-27,4.0,31.4,79.3
2016-06-28,10.7,30.7,86.8
2016-06-29,71.4,28.6,91.0
2016-06-30,19.4,30.7,80.6
2016-07-01,18.7,30.4,84.1
2016-07-02,0.5,30.8,77.1
2016-07-03,39.9,30.4,88.5
2016-07-04,3.8,30.7,78.7
2016-07-05,4.5,29.6,79.3
2016-07-06,0.0,30.4,82.3
2016-07-07,16.3,29.2,89.0
2016-07-08,14.7,30.6,90.1
2016-07-09,1.8,31.2,78.5
2016-07-10,51.4,28.6,87.4
2016-07-11,6.1,29.9,84.0
2016-07-12,11.0,29.6,86.7
2016-07-13,7.7,29.9,76.3
2016-07-14,1.7,30.5,82.2
2016-07-15,66.6,28.8,90.2
2016-07-16,63.5,29.4,85.5
2016-07-17,6.7,30.7,78.8
2016-07-18,12.0,30.6,81.9
2016-07-19,15.4,29.2,84.3
2016-07-20,36.3,30.2,90.3
2016-07-21,12.6,30.7,84.9
2016-07-22,30.4,30.4,89.3
2016-07-23,14.3,29.6,84.2
2016-07-24,19.4,29.1,82.8
2016-07-25,13.0,29.1,83.4
2016-07-26,40.4,28.4,90.1
2016-07-27,3.6,29.8,85.6
2016-07-28,0.5,30.3,81.6
2016-07-29,13.0,30.3,81.2
2016-07-30,43.1,28.6,89.5
2016-07-31,0.0,29.7,83.4
2016-08-01,0.0,29.6,85.7
2016-08-02,0.0,29.3,79.9
2016-08-03,0.0,30.0,80.0
2016-08-04,5.0,29.7,85.0
2016-08-05,14.7,29.3,82.9
2016-08-06,11.1,29.5,82.2
2016-08-07,0.4,29.8,85.7
2016-08-08,9.3,29.6,79.1
2016-08-09,15.2,28.6,90.3
2016-08-10,8.1,29.7,81.2
2016-08-11,11.2,29.2,86.0
2016-08-12,60.7,27.8,90.5
2016-08-13,11.3,29.1,84.2
2016-08-14,8.1,29.2,82.1
2016-08-15,44.1,28.9,90.8
2016-08-16,2.5,28.4,80.9
2016-08-17,7.3,29.7,80.9
2016-08-18,1.3,29.0,87.1
2016-08-19,0.9,28.6,81.6
2016-08-20,0.0,28.6,79.3
2016-08-21,44.4,27.4,83.4
2016-08-22,12.6,27.5,88.7
2016-08-23,12.7,28.9,81.4
2016-08-24,2.9,29.9,87.7
2016-08-25,24.5,27.2,85.8
2016-08-26,24.6,27.6,85.0
2016-08-27,6.4,28.9,82.3
2016-08-28,11.8,28.3,89.1
2016-08-29,0.4,29.0,74.1
2016-08-30,0.0,28.4,81.2
2016-08-31,0.0,28.1,79.7
2016-09-01,0.0,28.3,79.7
2016-09-02,20.5,26.5,83.8
2016-09-03,17.0,27.3,81.9
2016-09-04,0.0,28.8,80.6
2016-09-05,0.9,28.9,80.0
2016-09-06,9.4,28.8,77.3
2016-09-07,14.2,28.1,83.0
2016-09-08,0.0,26.7,81.8
2016-09-09,0.9,27.7,78.0
2016-09-10,0.0,28.8,85.0
2016-09-11,10.5,28.7,84.9
2016-09-12,11.9,28.5,83.5
2016-09-13,35.4,27.0,86.9
2016-09-14,13.2,26.8,81.0
2016-09-15,1.2,27.8,82.4
2016-09-16,3.6,27.7,83.9
2016-09-17,1.2,28.6,81.2
2016-09-18,13.2,27.5,78.7
2016-09-19,0.3,27.6,78.2
2016-09-20,0.6,27.6,80.0
2016-09-21,2.3,27.7,80.9
2016-09-22,12.1,27.6,79.5
2016-09-23,5.9,26.9,76.9
2016-09-24,0.5,26.8,82.4
2016-09-25,0.0,28.2,74.2
2016-09-26,20.9,26.0,77.6
2016-09-27,11.3,28.1,74.9
2016-09-28,13.8,25.9,76.3
2016-09-29,16.4,26.6,83.1
2016-09-30,16.2,27.5,83.0
2016-10-01,44.8,26.3,83.1
2016-10-02,0.0,26.3,77.9
2016-10-03,0.0,27.4,76.2
2016-10-04,3.6,27.0,73.1
2016-10-05,2.2,26.9,82.9
2016-10-06,15.9,26.3,82.3
2016-10-07,24.4,26.5,80.3
2016-10-08,2.0,26.5,73.2
2016-10-09,5.4,28.2,75.4
2016-10-10,0.0,26.7,73.1
2016-10-11,0.0,26.6,75.3
2016-10-12,0.0,26.5,75.7
2016-10-13,7.3,27.7,74.7
2016-10-14,0.8,25.7,70.2
2016-10-15,0.0,26.9,80.7
2016-10-16,22.2,26.1,78.2
2016-10-17,0.0,25.8,75.3
2016-10-18,0.0,26.1,72.5
2016-10-19,0.0,26.8,68.9
2016-10-20,9.0,25.9,74.6
2016-10-21,0.0,26.7,72.3
2016-10-22,13.5,27.3,77.3
2016-10-23,1.2,26.6,75.8
2016-10-24,25.0,25.1,78.8
2016-10-25,12.3,25.7,77.4
2016-10-26,12.3,26.0,79.7
2016-10-27,9.3,26.0,74.8
2016-10-28,4.7,26.4,76.1
2016-10-29,1.3,26.5,73.6
2016-10-30,16.6,27.0,68.5
2016-10-31,2.6,26.2,71.5
2016-11-01,2.4,25.5,69.2
2016-11-02,9.6,26.8,73.4
2016-11-03,4.9,26.9,69.4
2016-11-04,7.9,26.2,73.9
2016-11-05,9.1,25.9,75.0
2016-11-06,0.0,26.6,74.2
2016-11-07,0.0,26.0,75.2
2016-11-08,40.7,24.1,71.3
2016-11-09,0.0,26.5,66.4
2016-11-10,0.0,26.7,78.6
2016-11-11,0.0,27.0,72.7
2016-11-12,0.0,25.7,70.2
2016-11-13,7.5,26.1,70.6
2016-11-14,44.4,25.3,75.7
2016-11-15,3.8,26.0,63.8
2016-11-16,0.0,26.1,66.6
2016-11-17,11.8,25.8,70.1
2016-11-18,0.8,26.2,66.5
2016-11-19,9.7,26.3,68.1
2016-11-20,0.0,26.8,75.9
2016-11-21,6.5,25.4,68.3
2016-11-22,22.9,25.5,72.2
2016-11-23,3.6,25.7,69.0
2016-11-24,0.0,25.7,69.4
2016-11-25,0.0,25.0,66.0
2016-11-26,0.0,26.0,71.0
2016-11-27,0.0,26.3,68.5
2016-11-28,8.4,25.7,64.4
2016-11-29,7.4,25.8,67.6
2016-11-30,27.7,25.7,70.3
2016-12-01,0.0,26.8,65.9
2016-12-02,0.0,25.8,67.9
2016-12-03,0.0,25.3,68.2
2016-12-04,0.0,26.0,67.7
2016-12-05,0.0,27.1,67.0
2016-12-06,0.0,25.3,66.1
2016-12-07,0.0,26.4,59.3
2016-12-08,4.0,26.6,68.5
2016-12-09,0.0,24.6,66.9
2016-12-10,0.0,26.3,62.4
2016-12-11,0.0,26.4,66.0
2016-12-12,0.0,25.9,67.0
2016-12-13,0.0,25.7,68.5
2016-12-14,0.6,25.7,66.4
2016-12-15,0.0,25.9,65.7
2016-12-16,0.0,25.9,67.4
2016-12-17,0.0,25.8,63.6
2016-12-18,0.0,25.9,65.6
2016-12-19,3.5,26.8,62.9
2016-12-20,0.0,25.4,67.5
2016-12-21,0.0,25.1,59.2
2016-12-22,0.0,26.9,66.4
2016-12-23,0.0,26.1,63.9
2016-12-24,0.0,26.0,66.6
2016-12-25,5.2,26.1,62.1
2016-12-26,0.0,26.4,63.8
2016-12-27,0.0,26.0,63.6
2016-12-28,0.0,26.6,64.7
2016-12-29,0.0,25.8,60.1
2016-12-30,0.0,26.2,65.1
2016-12-31,0.0,25.0,57.6
2017-01-01,0.0,27.1,61.1
2017-01-02,0.0,26.3,58.4
2017-01-03,0.0,26.8,65.5
2017-01-04,0.0,26.7,64.1
2017-01-05,0.3,26.8,64.2
2017-01-06,0.0,26.5,67.2
2017-01-07,0.0,26.8,61.7
2017-01-08,0.0,26.0,64.5
2017-01-09,0.0,25.9,62.8
2017-01-10,0.0,26.5,62.3
2017-01-11,0.0,26.2,66.4
2017-01-12,0.0,27.5,68.7
2017-01-13,0.0,26.9,61.1
2017-01-14,0.0,26.3,64.8
2017-01-15,0.0,26.6,63.2
2017-01-16,0.0,26.9,63.2
2017-01-17,0.0,26.8,62.9
2017-01-18,0.0,27.0,61.2
2017-01-19,0.0,26.9,51.4
2017-01-20,0.0,26.1,66.7
2017-01-21,0.0,25.7,60.0
2017-01-22,0.0,26.8,61.3
2017-01-23,0.0,27.3,61.4
2017-01-24,0.0,26.8,59.7
2017-01-25,0.0,27.8,62.7
2017-01-26,0.0,27.1,61.9
2017-01-27,0.0,28.0,59.9
2017-01-28,0.0,27.9,62.4
2017-01-29,0.0,27.9,61.9
2017-01-30,0.0,26.5,64.8
2017-01-31,0.0,27.3,58.0
2017-02-01,0.0,28.1,59.6
2017-02-02,0.0,27.5,64.2
2017-02-03,0.0,27.8,60.1
2017-02-04,0.0,26.6,59.3
2017-02-05,2.8,28.6,60.7
2017-02-06,6.1,26.9,62.7
2017-02-07,0.0,26.4,61.8
2017-02-08,0.0,27.4,61.5
2017-02-09,0.0,26.2,59.1
2017-02-10,0.0,27.0,64.5
2017-02-11,0.0,29.3,66.2
2017-02-12,0.0,27.6,56.6
2017-02-13,0.0,27.0,57.7
2017-02-14,0.0,27.9,65.4
2017-02-15,0.0,27.4,67.1
2017-02-16,0.0,28.5,56.1
2017-02-17,0.0,27.5,65.0
2017-02-18,0.0,28.2,67.5
2017-02-19,0.0,27.4,60.1
2017-02-20,0.0,29.7,67.5
2017-02-21,0.0,28.5,62.3
2017-02-22,0.0,28.1,63.8
2017-02-23,0.0,28.1,60.8
2017-02-24,0.0,28.0,66.0
2017-02-25,0.0,27.9,65.6
2017-02-26,0.0,27.9,68.3
2017-02-27,0.0,29.4,67.6
2017-02-28,0.0,28.1,63.3
2017-03-01,0.0,27.2,72.7
2017-03-02,0.0,27.8,67.6
2017-03-03,0.0,29.1,65.2
2017-03-04,10.5,28.3,62.3
2017-03-05,0.0,28.6,59.2
2017-03-06,0.0,29.4,59.5
2017-03-07,0.0,28.3,61.2
2017-03-08,0.0,29.2,68.2
2017-03-09,0.0,28.4,65.7
2017-03-10,0.0,29.2,62.5
2017-03-11,0.0,28.7,64.0
2017-03-12,0.0,28.8,63.8
2017-03-13,0.0,29.5,67.0
2017-03-14,0.0,29.5,62.1
2017-03-15,0.0,29.0,65.9
2017-03-16,0.0,28.9,65.9
2017-03-17,0.0,30.1,62.6
2017-03-18,0.0,29.6,70.0
2017-03-19,0.0,29.0,64.5
2017-03-20,0.0,28.9,62.5
2017-03-21,0.0,30.0,68.2
2017-03-22,0.0,29.5,65.9
2017-03-23,12.2,29.1,69.0
2017-03-24,13.7,29.3,64.5
2017-03-25,0.0,29.7,68.6
2017-03-26,0.0,29.5,72.9
2017-03-27,0.0,30.3,62.7
2017-03-28,0.0,30.4,67.7
2017-03-29,0.0,30.0,64.4
2017-03-30,0.0,30.5,75.0
2017-03-31,0.0,29.7,70.8
2017-04-01,1.0,30.2,68.2
2017-04-02,0.0,30.4,63.7
2017-04-03,0.0,30.5,64.6
2017-04-04,0.0,30.4,69.9
2017-04-05,0.0,30.3,63.7
2017-04-06,0.0,31.1,64.0
2017-04-07,0.0,29.7,68.2
2017-04-08,0.0,29.9,68.7
2017-04-09,0.0,29.9,69.6
2017-04-10,0.0,29.9,67.3
2017-04-11,13.1,28.7,73.5
2017-04-12,0.4,31.0,66.4
2017-04-13,14.6,29.3,73.2
2017-04-14,0.0,30.3,69.9
2017-04-15,0.0,29.4,71.2
2017-04-16,0.0,30.7,73.2
2017-04-17,0.0,29.8,68.4
2017-04-18,0.0,29.7,68.0
2017-04-19,0.0,30.5,65.1
2017-04-20,0.0,30.0,64.2
2017-04-21,0.0,30.1,69.9
2017-04-22,0.0,30.6,70.3
2017-04-23,0.0,31.0,67.5
2017-04-24,0.0,30.0,68.4
2017-04-25,0.0,29.9,75.7
2017-04-26,0.0,30.6,73.9
2017-04-27,0.0,30.9,67.7
2017-04-28,0.0,31.5,70.3
2017-04-29,0.0,30.0,73.0
2017-04-30,0.0,30.5,70.1
2017-05-01,0.0,31.4,69.7
2017-05-02,0.0,31.9,71.3
2017-05-03,0.4,30.1,75.8
2017-05-04,4.9,30.2,77.0
2017-05-05,6.2,30.9,71.6
2017-05-06,13.4,30.2,76.4
2017-05-07,7.3,30.2,74.3
2017-05-08,20.3,30.5,73.4
2017-05-09,0.0,31.7,72.7
2017-05-10,8.4,29.9,71.2
2017-05-11,1.5,31.7,77.6
2017-05-12,22.6,30.1,82.1
2017-05-13,0.3,31.1,73.0
2017-05-14,1.0,31.8,72.6
2017-05-15,0.0,31.1,77.7
2017-05-16,10.4,30.5,79.9
2017-05-17,7.1,31.2,72.6
2017-05-18,0.4,30.8,74.7
2017-05-19,18.4,30.9,77.8
2017-05-20,0.0,30.8,73.1
2017-05-21,1.2,31.5,76.9
2017-05-22,68.5,28.9,83.9
2017-05-23,23.5,29.9,77.8
2017-05-24,4.6,30.0,76.4
2017-05-25,0.0,31.0,71.7
2017-05-26,0.0,30.1,70.2
2017-05-27,5.9,30.5,80.1
2017-05-28,97.8,29.1,86.4
2017-05-29,0.8,31.9,83.3
2017-05-30,8.5,30.2,84.1
2017-05-31,0.3,30.2,75.6
2017-06-01,53.7,30.1,92.3
2017-06-02,9.1,31.8,81.6
2017-06-03,5.5,30.8,76.4
2017-06-04,2.9,30.9,70.3
2017-06-05,6.8,31.6,80.9
2017-06-06,0.3,31.5,78.1
2017-06-07,23.5,30.8,82.9
2017-06-08,31.7,30.0,82.3
2017-06-09,20.5,30.8,78.0
2017-06-10,13.5,29.9,79.2
2017-06-11,34.4,29.9,85.9
2017-06-12,0.0,31.8,77.7
2017-06-13,9.4,31.5,79.2
2017-06-14,4.0,31.1,75.0
2017-06-15,8.6,29.6,80.7
2017-06-16,0.8,30.2,76.0
2017-06-17,0.7,30.5,82.2
2017-06-18,1.6,30.7,77.5
2017-06-19,4.5,30.0,79.4
2017-06-20,0.0,30.7,86.2
2017-06-21,10.4,31.7,80.4
2017-06-22,20.2,30.7,81.6
2017-06-23,6.5,30.8,82.7
2017-06-24,0.0,30.2,74.8
2017-06-25,4.2,29.7,84.6
2017-06-26,46.2,29.1,90.2
2017-06-27,18.1,29.4,84.7
2017-06-28,10.4,30.6,71.9
2017-06-29,0.0,30.9,79.8
2017-06-30,10.2,29.9,78.4
2017-07-01,4.3,30.7,84.8
2017-07-02,13.4,31.3,86.0
2017-07-03,26.7,31.3,86.1
2017-07-04,16.4,30.7,79.9
2017-07-05,10.8,30.2,87.2
2017-07-06,2.0,30.9,80.7
2017-07-07,15.0,31.0,88.9
2017-07-08,22.8,28.8,85.5
2017-07-09,8.7,31.2,84.2
2017-07-10,16.2,29.8,82.4
2017-07-11,7.6,29.9,86.8
2017-07-12,13.3,29.9,85.3
2017-07-13,12.8,30.3,87.8
2017-07-14,29.7,29.1,86.6
2017-07-15,7.1,30.0,82.6
2017-07-16,23.6,30.1,87.0
2017-07-17,2.3,30.3,86.4
2017-07-18,0.0,30.4,84.8
2017-07-19,42.2,29.1,88.6
2017-07-20,48.3,29.6,83.5
2017-07-21,10.3,30.5,85.8
2017-07-22,0.6,30.7,77.7
2017-07-23,1.0,30.3,82.2
2017-07-24,9.2,30.4,83.0
2017-07-25,0.4,30.5,77.8
2017-07-26,29.9,30.9,87.6
2017-07-27,7.3,30.5,89.5
2017-07-28,8.8,29.6,82.4
2017-07-29,15.8,29.0,86.7
2017-07-30,0.0,29.6,89.1
2017-07-31,0.0,29.6,84.6
2017-08-01,0.0,30.0,80.1
2017-08-02,0.0,29.3,82.7
2017-08-03,10.6,30.1,85.0
2017-08-04,14.4,28.5,88.4
2017-08-05,2.1,28.5,85.9
2017-08-06,18.0,29.1,76.3
2017-08-07,7.6,28.8,80.5
2017-08-08,20.0,28.3,84.7
2017-08-09,21.5,28.6,82.0
2017-08-10,6.9,28.8,71.8
2017-08-11,19.4,28.9,82.5
2017-08-12,1.7,28.9,82.0
2017-08-13,0.0,28.9,80.1
2017-08-14,3.6,29.1,79.2
2017-08-15,9.2,29.6,83.1
2017-08-16,19.9,29.6,85.6
2017-08-17,4.7,29.1,80.8
2017-08-18,4.8,29.1,86.3
2017-08-19,30.5,28.3,86.2
2017-08-20,9.1,29.1,80.1
2017-08-21,62.9,27.9,87.4
2017-08-22,3.9,29.6,81.2
2017-08-23,15.3,27.4,86.8
2017-08-24,1.8,28.6,78.9
2017-08-25,63.9,27.7,92.4
2017-08-26,4.1,28.6,81.9
2017-08-27,28.3,27.5,91.1
2017-08-28,1.4,27.8,82.2
2017-08-29,2.2,29.0,78.9
2017-08-30,16.1,27.7,85.3
2017-08-31,6.8,27.3,83.9
2017-09-01,5.7,28.8,80.1
2017-09-02,4.0,28.6,77.5
2017-09-03,0.7,28.3,82.0
2017-09-04,5.6,27.6,81.2
2017-09-05,0.9,28.2,75.6
2017-09-06,10.0,28.7,82.2
2017-09-07,8.5,27.0,79.2
2017-09-08,2.9,27.1,75.6
2017-09-09,11.5,27.5,80.3
2017-09-10,6.4,27.9,84.3
2017-09-11,6.2,27.6,84.0
2017-09-12,2.3,28.3,82.5
2017-09-13,8.1,28.4,81.2
2017-09-14,6.3,27.9,81.8
2017-09-15,0.8,28.2,79.4
2017-09-16,2.6,27.9,75.9
2017-09-17,26.8,27.2,80.0
2017-09-18,0.0,26.9,76.7
2017-09-19,0.0,27.1,82.6
2017-09-20,0.0,26.8,81.5
2017-09-21,0.0,27.5,74.9
2017-09-22,6.6,27.6,79.2
2017-09-23,28.1,26.1,80.9
2017-09-24,20.9,27.1,80.4
2017-09-25,10.5,26.7,77.6
2017-09-26,1.8,26.7,81.9
2017-09-27,16.5,26.7,79.7
2017-09-28,61.7,25.4,87.1
2017-09-29,8.6,27.5,79.0
2017-09-30,0.0,27.1,73.8
2017-10-01,5.7,27.6,77.9
2017-10-02,10.0,26.7,81.2
2017-10-03,39.2,26.1,86.7
2017-10-04,0.2,28.2,72.8
2017-10-05,24.2,25.6,75.2
2017-10-06,1.3,27.8,76.3
2017-10-07,24.8,27.5,82.8
2017-10-08,1.0,27.4,76.9
2017-10-09,10.9,26.5,79.1
2017-10-10,0.0,27.8,71.2
2017-10-11,0.0,26.7,73.4
2017-10-12,0.0,26.4,68.4
2017-10-13,0.0,26.6,74.4
2017-10-14,0.0,26.4,68.1
2017-10-15,0.0,26.2,78.5
2017-10-16,0.0,27.4,79.0
2017-10-17,8.4,26.0,75.8
2017-10-18,0.0,26.6,69.4
2017-10-19,0.0,25.8,74.9
2017-10-20,0.0,26.6,79.2
2017-10-21,0.0,25.9,74.9
2017-10-22,0.9,25.8,77.0
2017-10-23,3.0,26.4,72.1
2017-10-24,31.6,26.5,75.1
2017-10-25,17.2,26.4,75.1
2017-10-26,5.7,26.6,67.7
2017-10-27,24.6,25.8,82.9
2017-10-28,0.1,26.2,72.7
2017-10-29,16.9,26.5,77.2
2017-10-30,11.1,25.8,72.2
2017-10-31,15.6,26.5,69.5
2017-11-01,19.2,26.7,78.7
2017-11-02,0.0,25.8,68.0
2017-11-03,0.1,25.8,72.3
2017-11-04,0.0,25.9,72.4
2017-11-05,0.0,25.3,71.1
2017-11-06,0.0,25.9,68.4
2017-11-07,0.0,27.0,70.1
2017-11-08,0.0,25.5,67.5
2017-11-09,0.0,27.0,72.6
2017-11-10,21.3,25.5,74.9
2017-11-11,6.2,27.3,70.7
2017-11-12,3.5,25.6,68.5
2017-11-13,1.1,26.0,76.0
2017-11-14,5.6,25.4,66.3
2017-11-15,19.0,25.3,67.4
2017-11-16,0.0,26.9,68.8
2017-11-17,0.0,26.3,68.1
2017-11-18,0.0,26.7,72.0
2017-11-19,0.0,25.3,70.5
2017-11-20,0.0,26.4,68.5
2017-11-21,0.9,25.4,69.9
2017-11-22,9.2,25.0,70.9
2017-11-23,6.9,26.0,75.3
2017-11-24,1.2,26.1,68.7
2017-11-25,10.6,25.8,67.1
2017-11-26,23.7,26.0,71.6
2017-11-27,3.6,26.5,60.0
2017-11-28,2.5,26.8,67.4
2017-11-29,0.0,25.3,70.3
2017-11-30,0.0,26.9,68.6
2017-12-01,6.6,27.0,68.6
2017-12-02,0.0,25.8,68.5
2017-12-03,0.0,25.0,69.7
2017-12-04,0.0,25.2,70.5
2017-12-05,0.0,25.7,67.5
2017-12-06,1.8,27.2,65.3
2017-12-07,0.0,26.0,58.9
2017-12-08,0.0,25.7,68.6
2017-12-09,0.0,25.6,67.1
2017-12-10,6.7,25.1,66.9
2017-12-11,0.0,26.6,63.3
2017-12-12,0.0,26.0,68.1
2017-12-13,0.0,27.3,64.3
2017-12-14,0.0,26.5,64.8
2017-12-15,0.0,26.6,64.7
2017-12-16,0.0,26.0,66.1
2017-12-17,0.0,25.5,61.1
2017-12-18,0.0,25.6,66.2
2017-12-19,0.0,25.3,62.2
2017-12-20,0.0,26.7,62.2
2017-12-21,0.0,25.9,66.8
2017-12-22,0.0,26.8,61.1
2017-12-23,0.0,26.3,66.6
2017-12-24,0.0,26.0,64.1
2017-12-25,0.0,25.5,58.8
2017-12-26,0.0,26.4,67.7
2017-12-27,0.0,26.1,64.5
2017-12-28,0.0,26.8,64.6
2017-12-29,0.0,25.9,66.4
2017-12-30,0.0,26.7,67.8
2017-12-31,0.0,27.3,63.8
2018-01-01,0.0,26.5,65.0
2018-01-02,0.0,26.9,64.2
2018-01-03,0.0,26.8,61.9
2018-01-04,0.0,27.6,58.1
2018-01-05,0.0,26.7,63.5
2018-01-06,0.0,26.9,66.9
2018-01-07,0.0,26.5,64.4
2018-01-08,0.0,26.1,59.4
2018-01-09,0.0,25.9,65.9
2018-01-10,0.0,27.4,61.6
2018-01-11,14.9,25.7,58.4
2018-01-12,0.0,27.1,65.5
2018-01-13,0.0,26.9,59.5
2018-01-14,0.0,27.3,67.7
2018-01-15,0.0,26.4,65.7
2018-01-16,0.0,26.3,61.6
2018-01-17,0.0,27.0,63.6
2018-01-18,0.0,26.7,69.4
2018-01-19,0.0,26.1,65.1
2018-01-20,0.0,28.1,62.8
2018-01-21,0.0,26.5,70.8
2018-01-22,0.0,26.4,62.4
2018-01-23,0.0,26.9,63.8
2018-01-24,0.0,27.8,59.2
2018-01-25,0.0,25.8,57.0
2018-01-26,0.0,27.8,61.1
2018-01-27,0.0,26.6,62.1
2018-01-28,0.0,27.4,63.0
2018-01-29,0.0,26.8,57.7
2018-01-30,0.0,28.5,64.0
2018-01-31,0.0,27.4,59.5
2018-02-01,0.0,26.9,63.8
2018-02-02,0.0,27.2,64.8
2018-02-03,0.0,27.5,60.9
2018-02-04,0.0,27.6,59.2
2018-02-05,0.0,27.8,66.7
2018-02-06,0.0,27.5,64.7
2018-02-07,0.0,26.7,62.6
2018-02-08,0.0,27.4,66.6
2018-02-09,0.0,28.0,62.4
2018-02-10,0.0,27.3,60.4
2018-02-11,0.0,28.1,59.3
2018-02-12,0.0,27.8,62.0
2018-02-13,0.0,27.7,64.7
2018-02-14,6.1,28.5,67.5
2018-02-15,0.0,26.9,62.5
2018-02-16,0.0,27.5,66.1
2018-02-17,0.0,28.7,61.9
2018-02-18,0.0,29.1,60.3
2018-02-19,0.0,29.4,58.7
2018-02-20,0.0,28.1,61.2
2018-02-21,0.0,28.4,59.0
2018-02-22,0.0,28.7,68.9
2018-02-23,0.0,29.0,64.2
2018-02-24,0.0,28.5,62.7
2018-02-25,0.0,28.9,68.2
2018-02-26,0.0,28.6,59.3
2018-02-27,0.0,28.7,62.8
2018-02-28,0.0,27.9,69.3
2018-03-01,0.0,28.3,63.0
2018-03-02,0.0,28.2,70.8
2018-03-03,0.0,27.9,66.0
2018-03-04,0.0,27.6,67.6
2018-03-05,0.0,28.4,67.8
2018-03-06,0.0,28.6,63.9
2018-03-07,0.0,28.8,62.5
2018-03-08,0.0,29.1,63.7
2018-03-09,0.0,29.0,61.2
2018-03-10,0.0,28.7,64.1
2018-03-11,0.0,28.4,64.4
2018-03-12,0.0,29.5,69.6
2018-03-13,0.0,29.0,66.4
2018-03-14,0.0,28.8,71.9
2018-03-15,0.0,29.0,58.4
2018-03-16,0.0,28.7,61.4
2018-03-17,0.0,28.9,64.1
2018-03-18,0.0,28.9,69.7
2018-03-19,0.0,29.1,65.1
2018-03-20,0.0,29.7,61.1
2018-03-21,0.0,29.6,64.9
2018-03-22,0.0,30.3,62.2
2018-03-23,0.0,30.2,61.7
2018-03-24,0.0,30.6,72.0
2018-03-25,0.0,29.8,65.1
2018-03-26,0.0,29.9,66.9
2018-03-27,0.0,29.3,66.2
2018-03-28,0.0,30.1,65.9
2018-03-29,0.3,29.3,64.3
2018-03-30,0.0,28.8,66.0
2018-03-31,0.0,30.7,68.1
2018-04-01,0.0,29.0,71.5
2018-04-02,0.0,30.1,70.2
2018-04-03,0.0,29.3,63.9
2018-04-04,0.0,30.6,70.6
2018-04-05,0.0,30.7,69.3
2018-04-06,0.0,30.3,66.1
2018-04-07,6.1,30.6,69.6
2018-04-08,12.2,29.8,71.9
2018-04-09,0.1,31.4,68.6
2018-04-10,0.0,30.5,70.1
2018-04-11,0.0,29.6,66.2
2018-04-12,6.3,30.1,75.9
2018-04-13,0.0,30.1,63.3
2018-04-14,0.8,30.1,71.1
2018-04-15,12.0,29.0,72.4
2018-04-16,0.0,30.5,71.5
2018-04-17,1.7,29.4,67.9
2018-04-18,3.0,28.8,73.9
2018-04-19,0.0,30.2,69.8
2018-04-20,0.0,29.9,66.7
2018-04-21,3.4,29.8,67.7
2018-04-22,0.0,28.6,71.0
2018-04-23,0.0,30.0,66.0
2018-04-24,14.6,30.1,78.6
2018-04-25,10.6,29.9,75.9
2018-04-26,5.7,30.7,77.6
2018-04-27,31.8,30.8,81.4
2018-04-28,0.0,30.9,70.6
2018-04-29,0.0,31.2,69.2
2018-04-30,0.0,31.3,64.0
2018-05-01,4.0,30.0,71.6
2018-05-02,0.0,31.0,77.6
2018-05-03,0.0,31.3,70.0
2018-05-04,0.0,30.5,72.1
2018-05-05,0.1,30.3,71.2
2018-05-06,0.4,31.1,74.2
2018-05-07,8.4,29.7,78.3
2018-05-08,0.0,30.1,68.8
2018-05-09,0.0,30.4,69.5
2018-05-10,0.0,31.1,78.2
2018-05-11,13.5,30.7,78.1
2018-05-12,0.0,31.5,73.3
2018-05-13,7.7,30.2,80.5
2018-05-14,14.0,30.0,72.4
2018-05-15,12.7,31.0,79.2
2018-05-16,0.0,30.4,74.5
2018-05-17,0.0,30.6,76.7
2018-05-18,0.0,29.8,67.9
2018-05-19,0.0,31.1,74.4
2018-05-20,22.5,31.4,81.0
2018-05-21,13.9,30.1,77.4
2018-05-22,1.9,31.5,79.7
2018-05-23,17.7,30.6,82.2
2018-05-24,1.8,29.9,73.4
2018-05-25,8.2,30.3,79.9
2018-05-26,0.0,30.4,73.4
2018-05-27,0.0,30.8,76.6
2018-05-28,5.3,31.1,79.4
2018-05-29,4.2,32.0,74.9
2018-05-30,10.4,29.9,80.9
2018-05-31,7.2,30.6,76.7
2018-06-01,42.0,29.6,81.8
2018-06-02,95.0,29.0,91.5
2018-06-03,0.5,31.0,75.1
2018-06-04,41.4,30.2,81.2
2018-06-05,0.7,29.9,81.0
2018-06-06,2.5,30.9,78.6
2018-06-07,2.7,30.2,74.1
2018-06-08,4.2,30.9,81.4
2018-06-09,22.1,31.3,80.5
2018-06-10,41.1,30.4,80.4
2018-06-11,35.2,30.4,76.4
2018-06-12,2.0,30.6,81.8
2018-06-13,14.8,30.7,78.5
2018-06-14,0.3,31.3,75.3
2018-06-15,0.6,31.2,81.1
2018-06-16,0.2,30.8,81.7
2018-06-17,16.8,30.7,79.5
2018-06-18,2.9,30.0,82.6
2018-06-19,20.4,30.0,88.8
2018-06-20,0.9,31.3,83.9
2018-06-21,55.6,30.2,91.7
2018-06-22,3.3,30.8,81.3
2018-06-23,2.2,31.7,79.0
2018-06-24,0.8,31.1,80.1
2018-06-25,21.4,30.2,84.7
2018-06-26,11.2,29.8,78.2
2018-06-27,7.5,31.5,79.2
2018-06-28,16.8,30.8,78.7
2018-06-29,81.4,30.6,93.3
2018-06-30,0.4,32.0,81.0
2018-07-01,6.0,29.8,79.7
2018-07-02,9.4,29.7,84.7
2018-07-03,19.8,28.5,80.8
2018-07-04,11.4,30.9,80.6
2018-07-05,5.0,30.9,84.2
2018-07-06,6.9,30.5,85.0
2018-07-07,0.4,29.8,78.9
2018-07-08,13.7,30.2,84.0
2018-07-09,5.1,30.5,79.8
2018-07-10,45.3,30.0,87.6
2018-07-11,2.2,30.5,82.2
2018-07-12,4.7,30.7,83.9
2018-07-13,11.9,30.0,84.3
2018-07-14,0.0,31.0,82.4
2018-07-15,7.6,30.5,79.6
2018-07-16,1.5,29.5,83.1
2018-07-17,0.3,31.1,83.4
2018-07-18,3.5,30.9,84.4
2018-07-19,5.7,30.3,80.5
2018-07-20,6.3,30.2,85.5
2018-07-21,65.0,29.9,87.7
2018-07-22,23.7,28.6,84.2
2018-07-23,15.9,30.5,83.5
2018-07-24,12.7,29.5,80.1
2018-07-25,5.6,30.5,81.9
2018-07-26,13.1,29.7,84.6
2018-07-27,19.8,28.8,79.5
2018-07-28,1.1,29.5,81.0
2018-07-29,54.8,29.3,85.0
2018-07-30,0.6,29.7,88.2
2018-07-31,9.5,29.2,84.1
2018-08-01,7.8,29.2,83.5
2018-08-02,14.8,29.8,84.9
2018-08-03,10.1,30.5,85.3
2018-08-04,2.1,28.3,85.2
2018-08-05,1.8,31.2,77.5
2018-08-06,6.8,29.5,86.9
2018-08-07,5.7,29.7,86.5
2018-08-08,10.0,29.0,83.2
2018-08-09,33.4,28.7,86.5
2018-08-10,17.5,29.1,75.2
2018-08-11,2.1,28.7,78.4
2018-08-12,55.6,27.7,91.7
2018-08-13,13.2,29.7,87.3
2018-08-14,16.3,27.9,86.3
2018-08-15,0.6,29.4,81.5
2018-08-16,1.8,28.9,87.6
2018-08-17,5.9,28.4,85.4
2018-08-18,4.3,30.1,80.9
2018-08-19,0.0,28.4,88.0
2018-08-20,0.0,28.3,78.1
2018-08-21,49.5,27.8,84.3
2018-08-22,0.0,28.4,80.0
2018-08-23,10.2,28.6,80.4
2018-08-24,39.0,28.1,85.9
2018-08-25,16.5,28.5,85.9
2018-08-26,31.6,28.0,85.6
2018-08-27,1.1,28.2,81.0
2018-08-28,0.3,29.0,81.0
2018-08-29,0.0,28.5,73.8
2018-08-30,0.0,28.2,76.1
2018-08-31,0.0,29.4,79.4
2018-09-01,0.1,28.4,77.9
2018-09-02,19.6,28.7,82.6
2018-09-03,105.3,27.9,96.5
2018-09-04,29.2,28.5,84.3
2018-09-05,27.7,28.1,80.3
2018-09-06,9.2,28.0,79.0
2018-09-07,0.0,28.1,85.0
2018-09-08,0.0,28.0,84.3
2018-09-09,30.5,26.2,86.0
2018-09-10,4.5,28.4,75.5
2018-09-11,15.1,27.9,82.6
2018-09-12,17.8,28.1,83.1
2018-09-13,0.4,27.8,79.3
2018-09-14,22.5,27.8,80.7
2018-09-15,10.6,26.8,79.4
2018-09-16,43.5,26.2,83.4
2018-09-17,28.4,25.7,79.5
2018-09-18,4.5,27.5,83.3
2018-09-19,0.0,27.2,81.1
2018-09-20,0.0,27.1,77.4
2018-09-21,16.8,27.5,81.7
2018-09-22,8.8,27.1,80.5
2018-09-23,7.0,26.5,85.9
2018-09-24,8.4,28.8,81.6
2018-09-25,0.0,27.4,80.1
2018-09-26,0.0,26.7,77.6
2018-09-27,48.4,26.0,83.3
2018-09-28,0.0,27.2,81.3
2018-09-29,0.0,27.2,79.0
2018-09-30,22.6,27.6,77.8
2018-10-01,6.6,27.0,79.1
2018-10-02,9.4,28.1,80.5
2018-10-03,9.2,26.7,71.5
2018-10-04,12.8,27.1,75.4
2018-10-05,6.7,27.5,78.2
2018-10-06,21.0,27.3,73.3
2018-10-07,0.4,27.8,70.5
2018-10-08,7.5,26.6,75.9
2018-10-09,6.4,26.8,77.9
2018-10-10,3.1,25.3,77.4
2018-10-11,5.9,26.6,80.8
2018-10-12,6.4,27.4,76.2
2018-10-13,6.6,27.2,74.7
2018-10-14,38.7,25.9,76.5
2018-10-15,15.0,27.5,75.6
2018-10-16,2.8,26.4,76.8
2018-10-17,29.2,25.7,80.8
2018-10-18,10.4,26.2,76.3
2018-10-19,3.4,25.9,76.0
2018-10-20,4.9,26.9,78.2
2018-10-21,0.9,26.7,73.8
2018-10-22,5.7,26.8,78.2
2018-10-23,19.3,25.9,73.8
2018-10-24,2.3,26.4,73.1
2018-10-25,22.8,24.7,74.7
2018-10-26,6.4,26.5,75.9
2018-10-27,18.7,26.1,72.2
2018-10-28,3.1,25.7,71.8
2018-10-29,6.9,26.2,67.5
2018-10-30,4.6,26.1,74.4
2018-10-31,10.2,27.2,77.0
2018-11-01,3.1,25.6,74.8
2018-11-02,0.0,26.5,73.8
2018-11-03,0.0,25.6,73.7
2018-11-04,0.0,25.9,73.2
2018-11-05,0.0,26.4,72.7
2018-11-06,0.0,26.1,72.7
2018-11-07,0.0,26.2,68.6
2018-11-08,0.0,26.4,69.8
2018-11-09,11.1,25.6,72.1
2018-11-10,14.7,26.4,71.2
2018-11-11,0.0,25.9,65.2
2018-11-12,8.7,25.9,67.3
2018-11-13,2.6,26.3,70.6
2018-11-14,22.2,25.8,75.4
2018-11-15,18.6,26.1,72.0
2018-11-16,16.9,25.9,79.9
2018-11-17,5.9,26.2,67.0
2018-11-18,1.3,25.8,70.2
2018-11-19,0.2,25.4,72.5
2018-11-20,0.0,25.2,71.6
2018-11-21,0.0,25.0,70.2
2018-11-22,0.0,27.1,71.3
2018-11-23,0.1,24.7,68.1
2018-11-24,4.0,26.6,73.3
2018-11-25,11.8,25.3,73.2
2018-11-26,1.1,26.7,65.1
2018-11-27,0.5,24.7,68.3
2018-11-28,8.7,25.7,63.8
2018-11-29,0.0,26.9,71.6
2018-11-30,0.0,26.4,67.5
2018-12-01,0.0,25.8,70.7
2018-12-02,0.0,24.8,66.2
2018-12-03,0.0,25.2,60.8
2018-12-04,0.0,26.8,74.2
2018-12-05,0.0,25.8,66.5
2018-12-06,0.0,26.0,63.0
2018-12-07,0.0,26.2,69.3
2018-12-08,0.0,25.2,71.8
2018-12-09,0.0,26.3,65.0
2018-12-10,0.0,25.8,65.2
2018-12-11,8.7,26.0,67.3
2018-12-12,1.0,25.7,62.0
2018-12-13,1.5,25.1,63.2
2018-12-14,2.7,25.8,70.7
2018-12-15,0.0,26.5,64.4
2018-12-16,0.0,26.3,62.2
2018-12-17,0.0,26.1,63.2
2018-12-18,0.0,26.7,67.7
2018-12-19,0.0,26.0,58.4
2018-12-20,0.0,26.2,65.0
2018-12-21,0.0,25.9,71.5
2018-12-22,1.7,26.7,70.4
2018-12-23,13.4,26.1,67.7
2018-12-24,0.2,25.9,67.8
2018-12-25,0.0,25.3,67.7
2018-12-26,0.0,26.9,63.3
2018-12-27,0.0,25.8,66.3
2018-12-28,0.0,26.3,68.8
2018-12-29,0.0,27.7,59.6
2018-12-30,0.0,26.8,65.0
2018-12-31,0.0,27.3,64.3
2019-01-01,0.0,26.1,63.4
2019-01-02,0.0,27.0,63.1
2019-01-03,0.0,26.4,63.7
2019-01-04,0.0,26.7,63.8
2019-01-05,0.0,27.7,66.2
2019-01-06,0.0,26.3,64.2
2019-01-07,0.0,26.5,62.2
2019-01-08,0.0,26.0,60.1
2019-01-09,0.0,27.1,61.2
2019-01-10,0.0,26.3,63.3
2019-01-11,0.0,27.2,60.3
2019-01-12,0.0,25.7,65.3
2019-01-13,0.0,27.0,63.7
2019-01-14,1.4,26.3,66.0
2019-01-15,0.0,27.2,60.4
2019-01-16,0.0,26.8,59.7
2019-01-17,0.0,26.5,65.6
2019-01-18,0.0,26.6,62.6
2019-01-19,0.0,26.4,61.5
2019-01-20,0.0,27.4,64.2
2019-01-21,0.0,26.3,64.1
2019-01-22,0.0,26.8,58.3
2019-01-23,15.3,26.9,68.5
2019-01-24,0.0,28.0,60.8
2019-01-25,0.0,27.1,67.1
2019-01-26,0.0,27.0,58.0
2019-01-27,0.0,27.3,63.0
2019-01-28,0.0,25.9,61.4
2019-01-29,0.0,26.5,56.1
2019-01-30,0.0,27.0,64.0
2019-01-31,0.0,26.9,56.2
2019-02-01,0.0,26.4,61.1
2019-02-02,0.0,27.9,65.3
2019-02-03,0.0,27.6,60.5
2019-02-04,0.0,27.5,59.3
2019-02-05,0.0,27.1,64.5
2019-02-06,0.0,27.6,61.4
2019-02-07,0.0,27.9,60.9
2019-02-08,0.0,27.5,66.0
2019-02-09,0.0,27.9,58.7
2019-02-10,0.0,27.2,60.8
2019-02-11,0.0,27.8,64.9
2019-02-12,1.5,28.4,58.8
2019-02-13,0.0,28.6,67.7
2019-02-14,0.0,28.7,61.7
2019-02-15,0.0,28.1,65.1
2019-02-16,0.0,28.0,65.1
2019-02-17,0.0,27.7,62.1
2019-02-18,0.0,26.9,61.2
2019-02-19,0.0,27.3,62.5
2019-02-20,15.5,27.7,67.2
2019-02-21,0.0,28.1,59.8
2019-02-22,0.0,29.0,59.2
2019-02-23,0.0,29.0,67.4
2019-02-24,0.0,27.9,60.8
2019-02-25,0.0,28.8,64.1
2019-02-26,0.0,28.1,62.6
2019-02-27,0.0,28.8,62.8
2019-02-28,0.0,28.9,67.6
2019-03-01,26.3,28.7,67.1
2019-03-02,0.0,28.2,62.4
2019-03-03,0.0,29.2,62.8
2019-03-04,0.0,27.5,62.2
2019-03-05,0.0,29.4,61.8
2019-03-06,0.0,28.7,62.4
2019-03-07,0.0,28.8,69.0
2019-03-08,0.0,27.6,66.2
2019-03-09,0.0,28.6,63.2
2019-03-10,0.0,29.7,67.3
2019-03-11,0.0,28.7,59.7
2019-03-12,0.0,29.4,68.7
2019-03-13,0.0,29.0,68.5
2019-03-14,0.0,29.7,71.5
2019-03-15,0.0,29.2,67.9
2019-03-16,0.0,28.6,66.3
2019-03-17,0.0,29.2,69.0
2019-03-18,0.0,30.2,63.4
2019-03-19,0.0,29.6,64.2
2019-03-20,0.0,29.2,65.3
2019-03-21,0.0,30.7,69.8
2019-03-22,0.0,30.1,63.2
2019-03-23,0.0,29.9,63.0
2019-03-24,0.0,29.7,66.8
2019-03-25,0.0,29.9,68.3
2019-03-26,0.0,30.0,64.2
2019-03-27,0.0,28.3,68.5
2019-03-28,0.0,29.9,70.7
2019-03-29,0.0,29.6,70.4
2019-03-30,19.2,29.0,70.9
2019-03-31,0.0,29.6,66.8
2019-04-01,0.0,28.8,72.4
2019-04-02,0.0,28.7,67.4
2019-04-03,0.0,30.6,70.3
2019-04-04,0.0,30.2,73.5
2019-04-05,0.0,28.5,70.3
2019-04-06,0.0,29.6,65.0
2019-04-07,30.5,29.9,69.0
2019-04-08,0.0,29.9,67.4
2019-04-09,0.0,30.8,70.6
2019-04-10,7.2,30.6,71.0
2019-04-11,0.0,29.3,75.4
2019-04-12,0.0,30.1,70.3
2019-04-13,0.0,29.9,68.1
2019-04-14,0.0,29.4,65.9
2019-04-15,0.4,29.4,73.0
2019-04-16,0.0,29.8,69.6
2019-04-17,0.0,29.9,65.3
2019-04-18,0.0,30.5,70.0
2019-04-19,1.0,31.0,67.3
2019-04-20,0.0,30.7,69.0
2019-04-21,1.5,30.8,70.7
2019-04-22,0.0,30.3,67.9
2019-04-23,0.0,30.8,69.3
2019-04-24,0.0,30.4,68.7
2019-04-25,30.2,29.7,73.5
2019-04-26,3.9,31.6,68.9
2019-04-27,11.5,29.0,71.8
2019-04-28,14.6,29.2,71.2
2019-04-29,0.0,30.9,73.6
2019-04-30,18.1,30.1,75.3
2019-05-01,0.0,29.8,75.8
2019-05-02,17.0,29.7,80.5
2019-05-03,47.7,29.2,81.7
2019-05-04,5.5,31.2,74.9
2019-05-05,6.1,31.4,76.0
2019-05-06,0.9,31.7,74.6
2019-05-07,4.3,29.7,74.0
2019-05-08,15.2,29.7,75.6
2019-05-09,0.0,30.0,70.5
2019-05-10,2.5,31.6,76.6
2019-05-11,13.8,30.8,75.9
2019-05-12,0.0,30.9,78.4
2019-05-13,0.2,31.0,77.0
2019-05-14,38.0,30.1,78.2
2019-05-15,0.2,30.2,78.3
2019-05-16,0.0,31.2,67.0
2019-05-17,16.4,30.5,83.1
2019-05-18,2.0,30.2,71.3
2019-05-19,1.8,31.3,77.0
2019-05-20,4.5,30.6,77.3
2019-05-21,13.8,30.8,81.0
2019-05-22,9.5,30.7,76.1
2019-05-23,33.9,30.8,74.5
2019-05-24,7.3,31.0,76.1
2019-05-25,1.6,30.4,75.7
2019-05-26,10.3,31.0,71.7
2019-05-27,4.3,31.1,77.3
2019-05-28,1.9,31.3,73.7
2019-05-29,15.2,31.3,81.0
2019-05-30,7.1,30.5,77.3
2019-05-31,1.3,31.4,83.2
2019-06-01,7.5,29.8,77.6
2019-06-02,10.4,30.7,80.2
2019-06-03,13.0,30.6,78.8
2019-06-04,9.7,31.7,74.2
2019-06-05,45.8,30.0,84.1
2019-06-06,44.9,30.5,86.9
2019-06-07,23.4,29.5,83.4
2019-06-08,57.6,29.6,86.0
2019-06-09,4.1,30.4,74.6
2019-06-10,0.0,32.5,80.4
2019-06-11,42.4,29.7,86.2
2019-06-12,0.0,31.0,81.3
2019-06-13,29.1,30.4,82.4
2019-06-14,63.2,28.8,83.4
2019-06-15,6.3,30.5,81.7
2019-06-16,12.0,30.9,81.0
2019-06-17,1.9,30.9,83.8
2019-06-18,72.4,28.3,90.4
2019-06-19,60.5,29.3,88.5
2019-06-20,21.3,31.0,84.1
2019-06-21,13.4,30.9,80.0
2019-06-22,4.1,31.5,78.6
2019-06-23,5.6,30.1,80.6
2019-06-24,35.8,30.8,82.7
2019-06-25,32.6,30.1,84.4
2019-06-26,9.7,31.5,87.6
2019-06-27,3.1,30.7,84.0
2019-06-28,0.1,29.5,81.4
2019-06-29,20.7,30.8,88.3
2019-06-30,74.7,29.2,89.4
2019-07-01,12.6,30.2,90.1
2019-07-02,59.9,28.6,88.4
2019-07-03,18.2,31.2,89.7
2019-07-04,2.0,30.2,87.3
2019-07-05,29.3,30.9,80.2
2019-07-06,2.9,30.2,86.0
2019-07-07,1.2,29.9,80.5
2019-07-08,6.7,31.1,80.6
2019-07-09,30.9,29.8,87.6
2019-07-10,11.6,30.2,80.1
2019-07-11,26.7,29.1,87.0
2019-07-12,5.9,30.0,79.6
2019-07-13,53.8,29.5,90.2
2019-07-14,49.8,28.5,93.1
2019-07-15,16.1,29.6,85.2
2019-07-16,63.2,28.8,90.1
2019-07-17,15.9,30.0,85.7
2019-07-18,44.5,30.2,84.2
2019-07-19,10.7,29.8,80.9
2019-07-20,45.3,28.8,87.3
2019-07-21,23.7,31.3,87.8
2019-07-22,10.5,29.6,84.7
2019-07-23,0.0,29.9,83.5
2019-07-24,3.9,29.7,82.4
2019-07-25,2.3,29.8,79.9
2019-07-26,1.6,30.0,86.7
2019-07-27,3.0,30.4,80.3
2019-07-28,3.3,30.0,83.7
2019-07-29,6.1,30.4,82.6
2019-07-30,12.2,30.2,85.5
2019-07-31,1.4,29.8,80.4
2019-08-01,9.6,29.7,86.6
2019-08-02,0.0,30.3,86.1
2019-08-03,4.6,28.9,85.6
2019-08-04,6.4,31.0,83.4
2019-08-05,5.1,29.2,81.4
2019-08-06,11.9,29.1,92.2
2019-08-07,88.4,27.6,90.9
2019-08-08,6.2,28.6,85.5
2019-08-09,0.0,30.0,82.9
2019-08-10,1.4,30.7,81.9
2019-08-11,1.4,29.0,82.6
2019-08-12,22.4,29.0,83.6
2019-08-13,8.8,29.2,84.3
2019-08-14,22.5,29.4,86.0
2019-08-15,3.5,30.4,90.2
2019-08-16,8.8,29.9,86.1
2019-08-17,0.3,28.9,83.1
2019-08-18,19.0,29.0,86.1
2019-08-19,2.2,29.3,87.3
2019-08-20,22.7,28.5,81.9
2019-08-21,0.0,28.2,80.8
2019-08-22,0.0,28.4,75.5
2019-08-23,1.2,29.5,83.0
2019-08-24,6.4,29.4,84.6
2019-08-25,9.3,28.4,79.4
2019-08-26,0.0,28.8,85.3
2019-08-27,11.0,29.1,80.4
2019-08-28,24.1,27.1,83.4
2019-08-29,26.9,27.8,85.1
2019-08-30,5.7,29.6,86.3
2019-08-31,3.9,28.6,78.6
2019-09-01,19.9,27.4,84.3
2019-09-02,0.8,28.4,82.8
2019-09-03,13.3,28.7,84.0
2019-09-04,0.0,26.8,82.0
2019-09-05,7.8,28.2,83.5
2019-09-06,12.4,27.7,80.2
2019-09-07,0.0,27.2,84.9
2019-09-08,0.0,28.2,79.4
2019-09-09,0.0,28.0,78.9
2019-09-10,0.0,28.0,83.6
2019-09-11,0.0,27.8,77.5
2019-09-12,0.0,27.4,80.3
2019-09-13,1.7,27.0,77.3
2019-09-14,19.0,27.1,89.5
2019-09-15,34.8,27.7,91.1
2019-09-16,0.0,27.9,78.5
2019-09-17,0.0,27.7,80.2
2019-09-18,25.4,26.6,82.4
2019-09-19,0.0,27.5,77.4
2019-09-20,11.8,27.8,80.4
2019-09-21,15.4,27.6,80.3
2019-09-22,0.0,27.3,73.5
2019-09-23,0.0,25.9,78.7
2019-09-24,0.0,27.1,77.6
2019-09-25,11.7,26.9,80.3
2019-09-26,1.5,26.8,77.5
2019-09-27,19.2,26.7,79.1
2019-09-28,22.1,27.4,83.1
2019-09-29,1.3,27.2,78.8
2019-09-30,27.3,27.3,85.2
2019-10-01,2.3,26.3,78.5
2019-10-02,0.5,27.0,76.0
2019-10-03,5.2,25.9,79.0
2019-10-04,0.1,26.8,70.3
2019-10-05,32.3,25.8,87.3
2019-10-06,42.8,26.9,83.2
2019-10-07,10.6,27.0,83.9
2019-10-08,15.8,27.3,75.4
2019-10-09,1.4,26.6,72.3
2019-10-10,1.7,26.2,76.6
2019-10-11,4.2,26.1,76.9
2019-10-12,26.1,26.5,79.9
2019-10-13,6.5,27.8,76.3
2019-10-14,2.8,27.0,73.2
2019-10-15,16.9,26.2,72.5
2019-10-16,4.9,26.5,75.9
2019-10-17,48.8,25.7,77.6
2019-10-18,2.7,27.8,70.2
2019-10-19,56.2,26.2,81.1
2019-10-20,42.9,25.9,81.4
2019-10-21,21.3,26.2,82.6
2019-10-22,14.7,26.4,78.4
2019-10-23,8.3,26.6,78.7
2019-10-24,4.1,26.2,75.5
2019-10-25,12.1,25.7,75.7
2019-10-26,9.5,26.9,81.5
2019-10-27,3.6,26.4,69.0
2019-10-28,4.8,26.9,71.7
2019-10-29,34.5,26.7,76.2
2019-10-30,9.8,26.5,76.1
2019-10-31,14.7,26.2,71.0
2019-11-01,3.7,28.1,74.4
2019-11-02,3.9,26.3,73.7
2019-11-03,0.0,25.6,73.7
2019-11-04,0.0,26.1,73.4
2019-11-05,0.0,27.2,75.5
2019-11-06,0.0,25.4,70.6
2019-11-07,12.9,25.5,74.1
2019-11-08,0.2,26.8,68.2
2019-11-09,0.0,26.0,67.3
2019-11-10,0.0,26.1,75.3
2019-11-11,0.0,26.8,67.4
2019-11-12,0.0,25.7,71.6
2019-11-13,73.2,24.0,82.1
2019-11-14,7.1,25.1,74.0
2019-11-15,0.5,26.4,64.3
2019-11-16,26.5,25.7,75.7
2019-11-17,0.0,25.6,68.7
2019-11-18,0.3,25.4,66.9
2019-11-19,8.9,25.7,69.1
2019-11-20,3.8,26.6,72.1
2019-11-21,0.0,25.5,70.4
2019-11-22,0.0,25.6,67.7
2019-11-23,0.0,25.3,64.5
2019-11-24,0.0,25.8,64.5
2019-11-25,0.0,26.2,69.9
2019-11-26,0.0,27.3,63.6
2019-11-27,0.0,26.1,66.9
2019-11-28,0.0,26.0,75.2
2019-11-29,0.0,26.5,68.4
2019-11-30,0.0,26.4,69.1
2019-12-01,0.0,25.7,63.5
2019-12-02,0.0,27.4,62.9
2019-12-03,14.9,25.7,71.0
2019-12-04,0.0,26.1,65.4
2019-12-05,0.0,26.3,69.6
2019-12-06,0.0,26.2,66.4
2019-12-07,1.8,26.9,76.8
2019-12-08,0.0,25.7,64.3
2019-12-09,0.0,26.5,66.7
2019-12-10,0.0,26.1,63.1
2019-12-11,0.0,26.6,68.7
2019-12-12,0.0,25.9,66.8
2019-12-13,0.0,25.9,62.5
2019-12-14,0.0,26.5,64.3
2019-12-15,0.0,26.3,69.2
2019-12-16,0.0,25.6,68.8
2019-12-17,0.0,26.9,60.6
2019-12-18,0.0,26.6,63.4
2019-12-19,0.0,26.1,70.1
2019-12-20,0.0,25.9,64.0
2019-12-21,0.0,26.4,65.0
2019-12-22,0.0,26.6,67.4
2019-12-23,0.0,25.2,60.2
2019-12-24,0.0,26.4,61.3
2019-12-25,0.0,26.6,63.1
2019-12-26,0.0,24.8,67.6
2019-12-27,0.0,26.4,66.9
2019-12-28,0.0,26.7,65.9
2019-12-29,0.0,26.7,63.3
2019-12-30,0.0,26.8,67.0
2019-12-31,0.0,26.2,63.0
2020-01-01,0.0,25.8,65.2
2020-01-02,0.0,25.3,66.1
2020-01-03,0.0,27.1,68.4
2020-01-04,0.0,26.9,63.0
2020-01-05,0.0,27.2,62.0
2020-01-06,0.0,26.1,66.9
2020-01-07,0.0,27.0,67.1
2020-01-08,0.0,25.6,61.3
2020-01-09,0.0,26.1,59.6
2020-01-10,0.0,26.7,66.5
2020-01-11,0.0,27.0,57.8
2020-01-12,0.0,27.7,57.6
2020-01-13,0.0,26.5,61.9
2020-01-14,0.0,26.2,62.6
2020-01-15,0.0,26.2,59.1
2020-01-16,0.0,26.4,62.9
2020-01-17,0.0,28.1,63.0
2020-01-18,0.0,27.3,60.7
2020-01-19,0.0,27.5,68.2
2020-01-20,0.0,26.8,63.4
2020-01-21,0.0,26.9,65.5
2020-01-22,0.0,27.4,57.7
2020-01-23,0.0,26.7,57.7
2020-01-24,0.0,26.9,63.4
2020-01-25,0.0,26.7,67.6
2020-01-26,0.0,26.9,59.0
2020-01-27,0.0,27.2,62.4
2020-01-28,0.0,26.7,58.3
2020-01-29,0.0,27.4,59.8
2020-01-30,0.0,27.4,62.6
2020-01-31,0.0,27.2,60.5
2020-02-01,0.0,26.8,58.1
2020-02-02,0.0,27.4,58.0
2020-02-03,0.0,27.1,56.4
2020-02-04,0.0,27.5,63.5
2020-02-05,0.0,28.2,63.9
2020-02-06,0.0,26.8,63.9
2020-02-07,0.0,28.9,59.4
2020-02-08,0.0,27.6,65.2
2020-02-09,0.0,27.9,64.3
2020-02-10,0.0,27.2,62.2
2020-02-11,0.0,28.4,61.8
2020-02-12,0.0,27.7,60.4
2020-02-13,0.0,27.6,62.9
2020-02-14,0.0,27.5,67.2
2020-02-15,0.0,27.7,65.9
2020-02-16,0.0,28.2,61.7
2020-02-17,0.0,28.1,64.2
2020-02-18,0.0,28.0,59.3
2020-02-19,0.0,27.6,64.9
2020-02-20,0.0,27.7,60.2
2020-02-21,0.0,27.9,64.9
2020-02-22,0.0,28.5,71.8
2020-02-23,0.0,28.6,61.2
2020-02-24,0.0,28.8,71.8
2020-02-25,0.0,28.3,64.6
2020-02-26,0.0,28.6,60.9
2020-02-27,0.0,28.3,60.9
2020-02-28,0.0,27.4,70.4
2020-02-29,0.0,28.4,64.9
2020-03-01,0.0,28.3,61.8
2020-03-02,0.0,28.0,63.0
2020-03-03,0.0,28.3,65.0
2020-03-04,0.0,28.8,63.8
2020-03-05,0.0,28.0,64.9
2020-03-06,0.0,28.3,69.3
2020-03-07,11.3,29.5,62.4
2020-03-08,0.0,27.9,66.1
2020-03-09,0.0,28.8,64.1
2020-03-10,0.0,28.2,62.9
2020-03-11,0.0,28.5,67.7
2020-03-12,0.0,28.9,60.3
2020-03-13,0.0,28.5,57.7
2020-03-14,0.0,29.4,65.6
2020-03-15,0.0,29.9,64.6
2020-03-16,0.0,29.7,61.1
2020-03-17,0.0,29.8,60.1
2020-03-18,0.0,28.4,71.2
2020-03-19,0.0,29.2,66.9
2020-03-20,0.0,29.6,65.7
2020-03-21,0.0,29.9,72.4
2020-03-22,0.0,30.5,69.0
2020-03-23,3.9,30.0,71.9
2020-03-24,0.0,30.0,62.7
2020-03-25,0.0,31.1,62.7
2020-03-26,0.0,29.6,68.3
2020-03-27,0.0,29.4,67.9
2020-03-28,0.0,29.8,70.5
2020-03-29,0.0,29.1,62.0
2020-03-30,0.0,29.8,69.2
2020-03-31,0.0,28.7,70.2
2020-04-01,0.0,29.5,70.2
2020-04-02,0.0,29.8,66.3
2020-04-03,8.0,30.3,70.4
2020-04-04,8.1,30.4,66.7
2020-04-05,0.0,29.4,67.1
2020-04-06,0.0,31.2,65.0
2020-04-07,0.0,30.1,66.0
2020-04-08,0.0,30.2,67.7
2020-04-09,0.0,29.1,67.2
2020-04-10,0.0,29.7,66.5
2020-04-11,0.0,30.8,65.1
2020-04-12,0.0,30.3,75.0
2020-04-13,0.0,30.3,67.8
2020-04-14,0.0,30.4,70.4
2020-04-15,0.0,29.4,64.3
2020-04-16,0.0,30.3,73.9
2020-04-17,0.0,31.2,70.5
2020-04-18,0.0,31.0,68.8
2020-04-19,0.0,30.3,69.0
2020-04-20,0.0,31.4,73.1
2020-04-21,0.0,29.7,61.8
2020-04-22,0.0,29.9,68.3
2020-04-23,0.0,31.6,70.6
2020-04-24,0.0,30.9,70.7
2020-04-25,0.0,30.4,78.8
2020-04-26,0.0,30.5,70.5
2020-04-27,0.0,30.1,74.6
2020-04-28,0.0,30.8,77.3
2020-04-29,0.0,30.8,74.0
2020-04-30,0.0,30.7,70.2
2020-05-01,0.0,30.0,68.5
2020-05-02,0.0,30.9,74.8
2020-05-03,0.0,30.4,77.6
2020-05-04,0.0,30.2,74.5
2020-05-05,0.0,31.5,76.7
2020-05-06,0.0,32.1,81.0
2020-05-07,0.0,32.0,75.9
2020-05-08,0.0,31.2,70.2
2020-05-09,0.0,30.7,73.9
2020-05-10,0.0,30.8,78.0
2020-05-11,4.1,31.0,73.9
2020-05-12,14.2,30.3,80.9
2020-05-13,0.3,31.7,74.2
2020-05-14,21.4,29.3,78.8
2020-05-15,21.5,30.3,76.9
2020-05-16,7.6,31.3,76.5
2020-05-17,16.2,30.1,78.1
2020-05-18,38.7,30.0,76.2
2020-05-19,2.8,31.3,74.5
2020-05-20,4.1,31.8,72.5
2020-05-21,12.8,29.9,76.4
2020-05-22,1.7,30.1,73.7
2020-05-23,0.2,30.4,79.1
2020-05-24,0.0,30.1,79.2
2020-05-25,14.9,29.8,80.2
2020-05-26,0.7,30.4,72.8
2020-05-27,15.8,31.4,78.7
2020-05-28,0.0,30.8,72.7
2020-05-29,0.0,31.0,76.5
2020-05-30,0.0,30.4,79.0
2020-05-31,0.0,31.4,80.2
2020-06-01,0.0,32.1,78.8
2020-06-02,76.5,29.3,92.8
2020-06-03,2.1,32.0,78.8
2020-06-04,0.0,31.2,77.1
2020-06-05,0.0,31.0,80.6
2020-06-06,3.5,31.2,81.3
2020-06-07,3.0,31.2,77.1
2020-06-08,7.0,31.9,80.5
2020-06-09,75.7,30.1,89.0
2020-06-10,1.7,31.2,72.8
2020-06-11,12.7,30.4,82.0
2020-06-12,0.8,31.4,75.1
2020-06-13,18.6,30.0,82.8
2020-06-14,6.4,30.9,75.5
2020-06-15,0.8,32.6,77.2
2020-06-16,16.9,29.1,80.6
2020-06-17,24.3,30.5,86.7
2020-06-18,1.5,31.0,78.2
2020-06-19,0.2,30.7,76.5
2020-06-20,22.4,30.3,84.3
2020-06-21,18.1,30.5,82.0
2020-06-22,31.8,30.0,87.2
2020-06-23,20.9,30.5,80.2
2020-06-24,11.6,30.3,82.6
2020-06-25,0.8,32.0,87.8
2020-06-26,27.4,30.0,83.8
2020-06-27,16.3,30.7,83.5
2020-06-28,1.4,30.3,75.8
2020-06-29,11.2,31.0,79.8
2020-06-30,16.0,30.8,84.5
2020-07-01,8.8,30.7,81.2
2020-07-02,13.4,29.7,84.8
2020-07-03,20.6,29.7,85.4
2020-07-04,0.1,31.6,77.1
2020-07-05,2.1,30.0,84.5
2020-07-06,23.6,30.4,81.0
2020-07-07,38.1,29.2,84.7
2020-07-08,24.7,30.6,85.7
2020-07-09,27.0,29.5,90.2
2020-07-10,39.9,29.0,84.4
2020-07-11,2.7,29.9,82.4
2020-07-12,2.0,30.0,82.3
2020-07-13,48.2,29.6,90.8
2020-07-14,5.1,30.2,86.0
2020-07-15,64.8,28.4,90.2
2020-07-16,0.0,30.2,84.8
2020-07-17,6.8,29.4,86.8
2020-07-18,9.7,30.4,88.6
2020-07-19,44.1,29.8,90.0
2020-07-20,12.3,29.8,84.2
2020-07-21,9.9,30.0,82.0
2020-07-22,2.6,31.0,77.9
2020-07-23,5.0,29.8,81.9
2020-07-24,31.3,28.8,87.0
2020-07-25,34.3,29.6,86.8
2020-07-26,24.7,28.7,87.5
2020-07-27,3.4,29.7,78.1
2020-07-28,5.9,29.3,82.3
2020-07-29,1.1,29.3,88.1
2020-07-30,16.4,29.3,87.4
2020-07-31,15.0,30.0,86.1
2020-08-01,13.9,30.1,85.2
2020-08-02,60.2,29.0,89.9
2020-08-03,9.8,29.6,78.2
2020-08-04,2.1,29.4,83.6
2020-08-05,4.0,28.0,75.2
2020-08-06,12.8,29.4,82.9
2020-08-07,21.6,27.6,85.1
2020-08-08,1.0,28.2,80.7
2020-08-09,23.3,28.8,91.8
2020-08-10,2.5,29.4,87.6
2020-08-11,5.2,28.9,85.6
2020-08-12,1.2,30.1,79.1
2020-08-13,11.7,29.2,89.2
2020-08-14,5.6,28.9,84.3
2020-08-15,22.0,29.5,82.1
2020-08-16,0.4,30.0,81.7
2020-08-17,5.5,29.2,85.2
2020-08-18,0.0,28.5,79.6
2020-08-19,0.0,28.6,81.8
2020-08-20,38.6,27.3,88.0
2020-08-21,0.3,28.8,78.0
2020-08-22,2.6,28.1,80.8
2020-08-23,0.1,28.6,78.0
2020-08-24,63.2,27.7,93.1
2020-08-25,16.8,27.2,80.8
2020-08-26,5.8,27.8,82.6
2020-08-27,17.3,28.0,79.2
2020-08-28,0.9,28.5,77.5
2020-08-29,10.3,28.0,78.6
2020-08-30,22.3,27.9,83.0
2020-08-31,23.6,27.5,84.5
2020-09-01,19.8,27.1,84.4
2020-09-02,2.6,28.0,75.3
2020-09-03,2.3,28.1,80.0
2020-09-04,0.0,28.1,77.8
2020-09-05,0.0,28.3,81.6
2020-09-06,0.0,28.4,79.1
2020-09-07,0.0,28.5,79.5
2020-09-08,0.0,27.7,77.4
2020-09-09,0.0,27.1,84.7
2020-09-10,0.0,28.8,75.6
2020-09-11,16.7,27.9,80.6
2020-09-12,11.3,27.1,81.2
2020-09-13,1.0,28.0,78.4
2020-09-14,3.7,28.4,77.2
2020-09-15,0.7,28.8,73.5
2020-09-16,11.4,27.7,78.3
2020-09-17,0.0,28.4,75.7
2020-09-18,20.7,26.5,86.6
2020-09-19,8.7,27.4,86.4
2020-09-20,3.1,27.3,78.5
2020-09-21,31.4,27.1,78.5
2020-09-22,23.9,28.0,83.7
2020-09-23,0.0,27.6,74.8
2020-09-24,18.1,26.5,78.7
2020-09-25,7.2,26.5,76.6
2020-09-26,0.0,28.3,75.8
2020-09-27,4.6,27.5,76.8
2020-09-28,14.5,27.3,75.2
2020-09-29,13.2,26.8,76.7
2020-09-30,1.0,27.4,79.9
2020-10-01,11.8,26.3,78.2
2020-10-02,5.1,27.3,77.5
2020-10-03,5.1,26.3,70.3
2020-10-04,4.2,26.8,79.6
2020-10-05,11.3,26.4,75.6
2020-10-06,4.1,25.0,79.8
2020-10-07,0.0,26.8,76.1
2020-10-08,17.8,26.0,76.4
2020-10-09,11.9,26.5,72.1
2020-10-10,3.7,26.8,82.2
2020-10-11,0.9,27.9,77.5
2020-10-12,13.8,26.7,79.5
2020-10-13,1.0,26.9,80.2
2020-10-14,6.4,26.9,76.1
2020-10-15,6.5,27.1,79.3
2020-10-16,0.0,26.9,72.7
2020-10-17,0.2,26.8,76.2
2020-10-18,4.9,26.9,72.6
2020-10-19,0.0,25.1,72.1
2020-10-20,0.0,27.8,73.7
2020-10-21,0.0,27.5,69.5
2020-10-22,48.4,25.7,81.4
2020-10-23,32.3,25.0,76.9
2020-10-24,17.3,26.8,69.4
2020-10-25,14.6,25.7,73.4
2020-10-26,43.6,25.9,77.9
2020-10-27,22.7,25.2,78.2
2020-10-28,0.7,27.7,73.1
2020-10-29,13.6,25.2,78.3
2020-10-30,2.7,26.3,73.7
2020-10-31,23.4,24.6,73.4
2020-11-01,39.1,25.5,77.1
2020-11-02,2.6,26.0,70.6
2020-11-03,5.9,26.8,73.4
2020-11-04,3.1,25.9,71.5
2020-11-05,0.9,26.9,69.0
2020-11-06,35.6,24.9,75.9
2020-11-07,0.0,26.0,71.8
2020-11-08,0.0,26.0,67.2
2020-11-09,0.0,26.4,71.0
2020-11-10,0.0,26.4,65.1
2020-11-11,0.0,26.5,73.0
2020-11-12,5.9,26.1,72.0
2020-11-13,4.8,26.4,75.0
2020-11-14,0.0,25.5,65.8
2020-11-15,0.0,26.3,72.4
2020-11-16,7.0,26.9,72.7
2020-11-17,1.2,25.0,68.3
2020-11-18,0.8,26.3,67.5
2020-11-19,0.0,26.4,65.1
2020-11-20,6.5,26.8,65.2
2020-11-21,1.9,26.4,66.1
2020-11-22,0.0,26.1,64.1
2020-11-23,0.0,26.3,72.5
2020-11-24,0.0,25.6,63.1
2020-11-25,0.3,25.8,67.9
2020-11-26,2.3,25.2,68.9
2020-11-27,3.1,26.8,68.7
2020-11-28,0.0,26.3,68.3
2020-11-29,0.0,25.5,69.7
2020-11-30,0.0,26.2,65.4
2020-12-01,0.0,26.7,66.8
2020-12-02,0.0,26.6,65.5
2020-12-03,0.0,25.5,70.2
2020-12-04,0.0,24.1,72.4
2020-12-05,0.0,26.3,62.4
2020-12-06,0.0,25.5,59.8
2020-12-07,0.0,26.4,67.4
2020-12-08,0.0,26.6,68.8
2020-12-09,0.3,26.7,71.4
2020-12-10,0.0,27.1,67.5
2020-12-11,0.0,26.8,69.4
2020-12-12,0.0,27.1,70.0
2020-12-13,0.3,26.9,69.4
2020-12-14,0.0,27.0,67.5
2020-12-15,0.0,26.1,60.9
2020-12-16,0.0,25.3,64.6
2020-12-17,0.0,27.6,65.4
2020-12-18,0.0,26.2,64.1
2020-12-19,1.6,26.9,64.4
2020-12-20,0.0,25.8,68.8
2020-12-21,0.0,26.8,61.8
2020-12-22,0.0,24.7,66.3
2020-12-23,0.0,26.0,64.8
2020-12-24,0.0,26.2,61.2
2020-12-25,0.0,26.5,60.4
2020-12-26,0.0,26.9,58.4
2020-12-27,0.0,25.6,64.9
2020-12-28,0.0,26.7,63.2
2020-12-29,0.0,27.1,60.8
2020-12-30,0.0,27.8,57.6
2020-12-31,0.0,26.8,64.4
2021-01-01,0.0,26.1,62.6
2021-01-02,0.0,25.6,60.9
2021-01-03,0.0,27.5,60.1
2021-01-04,0.0,26.9,62.2
2021-01-05,0.0,26.5,64.2
2021-01-06,0.0,25.5,61.8
2021-01-07,0.0,26.0,59.1
2021-01-08,0.0,26.9,62.5
2021-01-09,0.0,26.8,65.7
2021-01-10,0.0,25.4,62.6
2021-01-11,0.0,27.0,62.7
2021-01-12,0.0,25.7,61.4
2021-01-13,0.0,27.5,59.7
2021-01-14,0.0,26.8,59.6
2021-01-15,0.0,26.5,57.3
2021-01-16,0.0,27.4,65.8
2021-01-17,0.0,27.0,63.6
2021-01-18,0.0,27.6,62.4
2021-01-19,0.0,26.9,63.0
2021-01-20,0.0,27.0,63.1
2021-01-21,4.0,26.7,60.5
2021-01-22,0.0,27.1,61.1
2021-01-23,0.0,28.0,60.6
2021-01-24,0.0,26.7,69.6
2021-01-25,0.0,27.5,65.1
2021-01-26,0.0,26.6,62.5
2021-01-27,0.0,25.9,66.1
2021-01-28,0.0,27.3,65.7
2021-01-29,0.0,27.5,57.9
2021-01-30,0.0,27.2,61.3
2021-01-31,0.0,26.4,62.0
2021-02-01,0.0,27.5,63.9
2021-02-02,0.0,27.5,61.4
2021-02-03,0.0,26.9,61.7
2021-02-04,0.0,26.6,60.7
2021-02-05,25.4,26.8,69.0
2021-02-06,0.0,27.9,57.8
2021-02-07,0.0,27.8,60.8
2021-02-08,0.0,27.1,56.6
2021-02-09,0.0,27.7,59.1
2021-02-10,0.0,28.2,63.2
2021-02-11,0.0,27.0,63.3
2021-02-12,0.0,27.8,61.4
2021-02-13,0.0,28.6,65.7
2021-02-14,0.0,27.1,66.5
2021-02-15,0.0,28.6,62.2
2021-02-16,0.0,28.9,63.2
2021-02-17,0.0,27.9,61.2
2021-02-18,0.0,27.8,64.5
2021-02-19,0.0,28.7,59.1
2021-02-20,0.0,28.0,68.1
2021-02-21,0.0,26.7,66.2
2021-02-22,0.0,28.1,59.3
2021-02-23,12.8,28.3,62.5
2021-02-24,0.0,28.7,64.3
2021-02-25,0.0,27.8,62.1
2021-02-26,0.0,28.2,64.8
2021-02-27,0.0,29.0,62.2
2021-02-28,0.0,28.4,67.9
2021-03-01,3.2,27.5,63.9
2021-03-02,0.0,29.3,70.8
2021-03-03,0.0,28.5,65.4
2021-03-04,0.0,29.3,59.6
2021-03-05,0.0,27.8,70.0
2021-03-06,0.0,28.6,67.2
2021-03-07,0.0,29.1,65.1
2021-03-08,0.0,28.7,66.0
2021-03-09,0.0,28.1,60.6
2021-03-10,9.1,27.3,60.3
2021-03-11,0.0,29.8,64.3
2021-03-12,0.0,29.1,68.7
2021-03-13,0.0,29.7,65.8
2021-03-14,0.0,29.6,69.9
2021-03-15,6.7,29.3,69.8
2021-03-16,22.6,28.5,68.5
2021-03-17,0.0,29.5,68.7
2021-03-18,0.0,30.1,69.8
2021-03-19,0.0,29.3,65.1
2021-03-20,0.0,30.4,64.9
2021-03-21,1.9,28.4,66.4
2021-03-22,0.0,28.4,58.5
2021-03-23,0.0,30.0,66.8
2021-03-24,0.0,29.0,68.2
2021-03-25,0.0,30.7,66.6
2021-03-26,0.0,30.3,67.4
2021-03-27,9.1,30.4,67.7
2021-03-28,0.0,30.2,60.6
2021-03-29,0.0,29.1,71.8
2021-03-30,0.0,28.7,65.8
2021-03-31,0.0,30.6,65.2
2021-04-01,0.0,28.9,71.3
2021-04-02,0.0,30.8,70.3
2021-04-03,23.3,29.8,71.8
2021-04-04,0.0,29.8,70.0
2021-04-05,0.0,30.2,64.4
2021-04-06,0.4,30.2,67.8
2021-04-07,32.3,29.2,76.9
2021-04-08,0.0,30.9,66.3
2021-04-09,0.0,30.9,65.5
2021-04-10,0.0,30.2,68.9
2021-04-11,1.3,29.7,69.3
2021-04-12,0.0,30.9,70.9
2021-04-13,0.1,29.0,65.0
2021-04-14,0.0,30.5,61.6
2021-04-15,0.0,30.7,72.2
2021-04-16,0.3,29.8,66.4
2021-04-17,0.0,30.9,68.0
2021-04-18,0.0,30.3,63.4
2021-04-19,0.0,30.0,73.2
2021-04-20,0.0,31.0,71.3
2021-04-21,0.0,29.8,71.4
2021-04-22,0.0,31.0,71.5
2021-04-23,3.2,29.2,65.1
2021-04-24,10.6,30.5,69.6
2021-04-25,0.0,30.6,69.8
2021-04-26,0.0,30.2,69.1
2021-04-27,0.0,30.8,70.7
2021-04-28,0.0,30.6,72.4
2021-04-29,0.0,31.3,74.8
2021-04-30,0.0,31.0,67.6
2021-05-01,17.0,30.6,74.7
2021-05-02,20.1,30.5,77.5
2021-05-03,24.0,29.9,73.3
2021-05-04,1.6,30.5,72.4
2021-05-05,10.3,30.7,75.8
2021-05-06,19.9,30.3,76.1
2021-05-07,18.1,31.1,77.9
2021-05-08,5.6,30.7,74.5
2021-05-09,0.0,31.0,72.6
2021-05-10,0.0,30.0,70.2
2021-05-11,0.0,31.4,74.6
2021-05-12,24.5,30.0,78.0
2021-05-13,0.4,30.2,71.3
2021-05-14,0.0,31.9,76.1
2021-05-15,5.1,31.2,79.1
2021-05-16,1.8,31.5,73.0
2021-05-17,9.7,31.0,74.2
2021-05-18,49.7,29.9,80.2
2021-05-19,41.0,30.0,76.3
2021-05-20,28.0,30.9,85.6
2021-05-21,70.7,30.4,84.8
2021-05-22,53.5,29.9,81.1
2021-05-23,15.0,31.9,74.7
2021-05-24,0.0,30.9,74.9
2021-05-25,7.3,30.0,75.2
2021-05-26,15.0,29.7,82.9
2021-05-27,4.5,29.9,73.4
2021-05-28,5.9,30.6,72.9
2021-05-29,78.7,29.7,90.2
2021-05-30,0.0,31.4,76.6
2021-05-31,1.8,30.9,76.7
2021-06-01,4.4,31.4,79.6
2021-06-02,12.8,30.8,79.7
2021-06-03,14.2,30.7,79.5
2021-06-04,20.4,30.2,76.5
2021-06-05,12.5,31.6,74.7
2021-06-06,3.9,30.0,76.4
2021-06-07,15.2,30.9,77.1
2021-06-08,7.5,30.7,80.2
2021-06-09,13.7,31.2,75.0
2021-06-10,27.0,30.4,81.2
2021-06-11,5.9,30.8,79.0
2021-06-12,14.5,30.5,80.8
2021-06-13,2.8,31.7,80.5
2021-06-14,60.2,29.7,87.1
2021-06-15,9.3,31.9,78.5
2021-06-16,7.2,30.9,84.1
2021-06-17,35.4,30.2,83.7
2021-06-18,38.0,30.0,89.4
2021-06-19,4.5,31.1,79.3
2021-06-20,12.1,30.3,81.5
2021-06-21,60.2,29.7,88.4
2021-06-22,32.1,30.2,85.4
2021-06-23,9.9,30.8,80.2
2021-06-24,6.9,30.9,81.4
2021-06-25,7.2,30.9,85.9
2021-06-26,9.6,30.6,84.9
2021-06-27,2.8,31.6,84.0
2021-06-28,3.4,30.9,77.0
2021-06-29,16.2,31.9,79.5
2021-06-30,50.6,29.7,88.9
2021-07-01,16.5,30.9,85.6
2021-07-02,52.3,29.2,87.1
2021-07-03,16.9,31.1,81.4
2021-07-04,27.7,29.6,89.3
2021-07-05,0.0,30.8,83.1
2021-07-06,9.8,30.2,85.8
2021-07-07,12.8,30.5,81.8
2021-07-08,0.5,30.3,79.8
2021-07-09,1.1,30.0,84.3
2021-07-10,26.9,29.7,84.7
2021-07-11,32.8,30.7,84.5
2021-07-12,0.7,30.6,78.9
2021-07-13,8.4,29.4,81.3
2021-07-14,3.7,30.9,84.8
2021-07-15,12.7,29.5,79.0
2021-07-16,3.1,30.6,84.1
2021-07-17,0.5,30.6,79.7
2021-07-18,1.8,30.5,81.4
2021-07-19,0.0,31.3,81.4
2021-07-20,13.0,29.4,83.1
2021-07-21,39.2,29.7,86.9
2021-07-22,4.3,30.7,81.2
2021-07-23,1.0,29.6,80.4
2021-07-24,12.9,29.3,87.8
2021-07-25,33.2,29.1,87.0
2021-07-26,6.7,30.0,82.6
2021-07-27,0.6,29.0,80.1
2021-07-28,15.1,29.9,83.0
2021-07-29,82.1,27.8,92.1
2021-07-30,0.0,30.6,84.3
2021-07-31,6.5,29.9,80.7
2021-08-01,38.2,30.1,81.0
2021-08-02,16.7,29.7,84.7
2021-08-03,1.2,29.4,81.3
2021-08-04,51.1,28.1,87.9
2021-08-05,7.8,29.5,85.9
2021-08-06,0.0,29.5,73.7
2021-08-07,0.0,30.2,86.6
2021-08-08,55.3,27.8,93.3
2021-08-09,12.6,30.4,81.9
2021-08-10,2.3,30.1,80.8
2021-08-11,47.8,28.2,90.5
2021-08-12,35.5,29.7,88.7
2021-08-13,3.7,28.7,80.4
2021-08-14,12.6,29.1,78.7
2021-08-15,1.3,28.4,88.2
2021-08-16,30.4,29.6,89.0
2021-08-17,2.4,28.0,82.4
2021-08-18,17.0,27.8,84.6
2021-08-19,0.3,28.6,83.3
2021-08-20,1.0,29.7,83.7
2021-08-21,32.1,28.8,79.9
2021-08-22,4.4,28.8,80.9
2021-08-23,13.7,29.2,81.9
2021-08-24,0.0,28.7,80.6
2021-08-25,18.1,28.6,86.1
2021-08-26,49.5,28.7,83.0
2021-08-27,0.0,28.5,76.8
2021-08-28,0.0,28.1,78.8
2021-08-29,0.0,28.8,81.2
2021-08-30,0.0,29.0,83.1
2021-08-31,0.0,28.5,85.4
2021-09-01,0.0,29.0,79.6
2021-09-02,0.0,28.3,82.9
2021-09-03,0.0,28.4,82.4
2021-09-04,2.9,28.5,82.2
2021-09-05,6.6,28.3,81.0
2021-09-06,2.4,29.1,79.1
2021-09-07,8.9,28.2,78.0
2021-09-08,3.9,27.9,76.9
2021-09-09,4.9,28.3,81.4
2021-09-10,4.6,28.6,80.1
2021-09-11,8.7,28.3,79.5
2021-09-12,13.6,28.1,83.3
2021-09-13,11.0,26.8,80.2
2021-09-14,2.2,26.3,76.6
2021-09-15,0.3,28.6,78.2
2021-09-16,24.5,27.6,85.0
2021-09-17,24.7,27.3,79.3
2021-09-18,5.8,28.0,80.0
2021-09-19,0.9,28.8,78.4
2021-09-20,1.6,28.5,76.2
2021-09-21,33.0,27.5,82.2
2021-09-22,51.5,26.0,81.0
2021-09-23,0.4,27.1,78.3
2021-09-24,1.5,26.0,73.9
2021-09-25,0.0,27.8,80.8
2021-09-26,0.0,28.1,77.2
2021-09-27,3.2,28.0,76.1
2021-09-28,1.1,27.7,80.8
2021-09-29,0.7,27.2,74.0
2021-09-30,2.3,26.9,75.0
2021-10-01,39.5,25.9,77.1
2021-10-02,1.7,27.0,80.7
2021-10-03,24.2,26.1,85.7
2021-10-04,16.9,27.8,73.8
2021-10-05,23.1,25.8,77.1
2021-10-06,5.1,26.8,76.9
2021-10-07,13.0,25.6,76.2
2021-10-08,46.6,26.2,82.5
2021-10-09,1.1,26.9,75.3
2021-10-10,9.3,26.5,77.9
2021-10-11,0.8,26.3,72.4
2021-10-12,2.0,26.8,75.9
2021-10-13,1.2,26.4,71.6
2021-10-14,0.6,26.7,73.5
2021-10-15,5.9,27.8,70.1
2021-10-16,12.9,26.6,75.0
2021-10-17,3.3,26.9,72.9
2021-10-18,15.7,26.1,79.2
2021-10-19,17.2,25.8,76.2
2021-10-20,20.9,26.2,77.1
2021-10-21,0.6,28.1,73.5
2021-10-22,6.7,26.2,67.9
2021-10-23,10.5,26.5,68.7
2021-10-24,2.2,25.9,72.3
2021-10-25,4.8,24.7,74.3
2021-10-26,29.4,25.4,76.3
2021-10-27,1.3,27.8,70.0
2021-10-28,1.8,26.7,71.8
2021-10-29,0.0,27.3,71.1
2021-10-30,4.0,26.1,74.9
2021-10-31,11.1,24.7,75.6
2021-11-01,0.0,25.6,69.9
2021-11-02,0.0,26.5,71.2
2021-11-03,0.0,26.4,72.1
2021-11-04,0.0,26.2,72.3
2021-11-05,6.9,25.8,76.9
2021-11-06,0.0,26.8,70.6
2021-11-07,0.0,25.9,74.0
2021-11-08,0.0,26.4,66.9
2021-11-09,0.0,26.3,68.3
2021-11-10,0.0,25.9,63.6
2021-11-11,1.9,25.6,70.6
2021-11-12,0.0,25.9,71.6
2021-11-13,1.9,27.2,62.2
2021-11-14,2.2,26.7,70.3
2021-11-15,20.2,26.3,74.0
2021-11-16,0.0,25.6,70.7
2021-11-17,0.0,25.2,65.3
2021-11-18,0.0,26.7,71.0
2021-11-19,0.0,26.6,68.6
2021-11-20,0.2,26.1,70.2
2021-11-21,2.3,25.8,68.2
2021-11-22,1.7,25.1,69.5
2021-11-23,0.4,26.5,71.3
2021-11-24,5.2,26.6,67.9
2021-11-25,1.2,25.6,68.6
2021-11-26,0.8,25.5,71.3
2021-11-27,0.0,26.7,66.9
2021-11-28,0.0,25.6,63.8
2021-11-29,18.5,26.7,71.8
2021-11-30,5.3,25.8,71.9
2021-12-01,0.3,25.8,70.6
2021-12-02,0.0,26.0,68.7
2021-12-03,0.0,25.8,59.4
2021-12-04,0.0,26.7,64.4
2021-12-05,0.0,26.5,64.4
2021-12-06,0.0,26.7,66.1
2021-12-07,0.0,26.1,70.9
2021-12-08,0.0,25.8,62.5
2021-12-09,0.0,26.0,72.3
2021-12-10,0.0,25.8,64.3
2021-12-11,0.0,26.9,63.0
2021-12-12,0.0,26.7,67.7
2021-12-13,0.0,26.0,67.8
2021-12-14,0.0,25.5,66.9
2021-12-15,0.0,27.0,62.5
2021-12-16,0.0,26.2,66.2
2021-12-17,0.0,26.0,61.5
2021-12-18,0.0,27.1,62.1
2021-12-19,0.0,25.8,64.1
2021-12-20,0.0,26.0,61.8
2021-12-21,0.0,26.0,67.3
2021-12-22,0.0,25.4,62.3
2021-12-23,8.3,26.2,64.5
2021-12-24,0.0,25.8,61.2
2021-12-25,0.0,25.9,66.8
2021-12-26,0.0,25.8,61.6
2021-12-27,9.8,25.7,68.4
2021-12-28,0.0,25.8,66.7
2021-12-29,0.0,26.5,62.0
2021-12-30,0.0,26.2,63.4
2021-12-31,0.0,26.4,61.8
2022-01-01,0.0,27.8,64.8
2022-01-02,11.2,26.1,64.1
2022-01-03,0.0,26.8,61.7
2022-01-04,0.0,26.9,63.0
2022-01-05,0.0,26.4,58.1
2022-01-06,0.0,26.7,62.5
2022-01-07,0.0,26.5,64.6
2022-01-08,0.0,26.7,63.0
2022-01-09,0.0,26.2,65.4
2022-01-10,0.0,26.3,61.4
2022-01-11,0.0,26.6,61.1
2022-01-12,0.0,25.5,59.1
2022-01-13,0.0,27.6,61.1
2022-01-14,0.0,28.0,68.2
2022-01-15,0.0,26.9,63.1
2022-01-16,0.0,27.2,60.5
2022-01-17,0.0,27.5,59.2
2022-01-18,0.0,26.1,57.4
2022-01-19,0.0,27.4,59.6
2022-01-20,0.0,26.7,64.4
2022-01-21,0.0,28.3,60.8
2022-01-22,0.0,26.9,59.2
2022-01-23,0.0,27.6,59.5
2022-01-24,0.9,26.9,64.1
2022-01-25,2.8,28.3,62.2
2022-01-26,0.0,26.8,60.1
2022-01-27,0.0,27.9,61.1
2022-01-28,0.0,27.6,68.6
2022-01-29,0.0,27.5,65.7
2022-01-30,0.0,27.4,66.4
2022-01-31,0.0,26.9,56.8
2022-02-01,0.0,25.8,61.6
2022-02-02,0.0,28.0,60.1
2022-02-03,0.0,27.1,63.7
2022-02-04,0.0,28.2,65.2
2022-02-05,0.0,27.7,63.1
2022-02-06,0.0,28.3,59.5
2022-02-07,0.0,28.1,60.1
2022-02-08,0.0,26.1,64.0
2022-02-09,0.0,28.0,64.3
2022-02-10,0.0,27.5,62.6
2022-02-11,0.0,28.4,62.6
2022-02-12,0.0,28.1,62.4
2022-02-13,0.0,28.2,63.1
2022-02-14,0.0,27.7,64.5
2022-02-15,0.0,27.4,64.3
2022-02-16,0.0,27.7,62.6
2022-02-17,0.0,26.9,62.4
2022-02-18,0.0,27.7,62.3
2022-02-19,0.0,27.2,60.3
2022-02-20,0.0,27.3,60.3
2022-02-21,0.0,28.2,64.4
2022-02-22,0.0,28.5,60.7
2022-02-23,0.0,28.2,65.4
2022-02-24,0.0,28.0,62.8
2022-02-25,0.0,27.8,65.5
2022-02-26,0.0,28.2,65.1
2022-02-27,0.0,27.9,65.8
2022-02-28,0.0,28.4,61.9
2022-03-01,0.0,27.6,64.6
2022-03-02,0.0,29.0,65.7
2022-03-03,0.0,28.2,58.9
2022-03-04,0.0,28.9,68.8
2022-03-05,0.0,29.2,70.6
2022-03-06,0.0,28.9,66.7
2022-03-07,0.0,29.2,66.4
2022-03-08,0.0,27.6,65.9
2022-03-09,0.0,28.5,63.2
2022-03-10,1.4,29.5,64.2
2022-03-11,0.0,29.2,67.3
2022-03-12,0.0,30.1,61.6
2022-03-13,0.0,30.0,61.5
2022-03-14,0.0,29.2,63.6
2022-03-15,0.0,28.9,66.9
2022-03-16,0.0,28.6,62.4
2022-03-17,0.0,28.9,64.5
2022-03-18,0.0,29.0,64.9
2022-03-19,0.0,28.9,62.3
2022-03-20,0.0,28.8,58.2
2022-03-21,0.0,29.6,62.6
2022-03-22,0.0,30.4,66.6
2022-03-23,0.0,30.0,67.4
2022-03-24,0.0,29.3,67.5
2022-03-25,0.0,30.1,68.0
2022-03-26,0.0,29.8,64.5
2022-03-27,0.0,29.6,64.0
2022-03-28,0.0,29.6,67.7
2022-03-29,0.0,29.5,66.1
2022-03-30,0.0,30.1,69.6
2022-03-31,0.0,29.8,68.2
2022-04-01,0.0,29.3,71.1
2022-04-02,0.0,29.3,66.0
2022-04-03,0.0,30.0,70.7
2022-04-04,0.0,30.1,73.8
2022-04-05,0.0,29.7,68.0
2022-04-06,0.0,29.3,69.5
2022-04-07,0.0,30.7,65.4
2022-04-08,0.0,30.6,71.0
2022-04-09,0.0,28.9,71.9
2022-04-10,0.0,30.9,67.1
2022-04-11,0.0,30.0,70.5
2022-04-12,61.5,29.1,79.0
2022-04-13,3.4,30.8,70.8
2022-04-14,9.6,31.0,73.2
2022-04-15,1.6,30.8,71.2
2022-04-16,3.5,30.4,69.7
2022-04-17,0.0,29.5,72.3
2022-04-18,0.0,29.1,73.3
2022-04-19,0.0,30.9,68.5
2022-04-20,0.0,31.2,70.3
2022-04-21,12.8,29.7,67.1
2022-04-22,18.4,29.9,75.1
2022-04-23,0.0,30.1,74.5
2022-04-24,0.0,30.2,70.2
2022-04-25,5.3,31.1,72.3
2022-04-26,0.5,30.7,70.7
2022-04-27,0.0,30.4,70.3
2022-04-28,2.9,32.1,72.8
2022-04-29,11.8,29.5,71.2
2022-04-30,7.2,30.8,72.4
2022-05-01,0.4,30.0,69.5
2022-05-02,1.8,30.6,74.4
2022-05-03,0.0,30.8,73.2
2022-05-04,0.0,31.2,71.4
2022-05-05,0.0,30.6,73.0
2022-05-06,0.0,30.5,72.4
2022-05-07,0.0,30.6,76.6
2022-05-08,0.0,30.2,72.0
2022-05-09,0.0,31.2,75.4
2022-05-10,1.5,31.0,71.8
2022-05-11,1.0,31.1,76.5
2022-05-12,13.4,30.6,79.2
2022-05-13,8.4,30.6,78.7
2022-05-14,1.5,31.6,79.0
2022-05-15,18.7,31.1,78.2
2022-05-16,8.8,31.6,79.8
2022-05-17,4.0,31.1,80.4
2022-05-18,7.5,31.6,72.8
2022-05-19,0.0,30.7,73.4
2022-05-20,1.6,30.8,71.1
2022-05-21,1.7,31.6,79.0
2022-05-22,4.4,31.4,71.8
2022-05-23,5.0,30.7,71.3
2022-05-24,15.0,30.1,75.0
2022-05-25,24.4,30.4,74.6
2022-05-26,18.6,30.2,79.9
2022-05-27,6.5,31.9,74.2
2022-05-28,14.2,31.2,73.7
2022-05-29,1.6,30.5,76.9
2022-05-30,2.0,30.3,77.3
2022-05-31,28.6,30.0,75.8
2022-06-01,0.1,30.7,75.1
2022-06-02,12.3,30.7,79.0
2022-06-03,4.5,31.6,77.1
2022-06-04,6.5,30.3,77.7
2022-06-05,15.0,32.1,83.6
2022-06-06,27.0,29.9,88.4
2022-06-07,3.1,30.1,77.6
2022-06-08,0.0,32.0,74.3
2022-06-09,0.4,31.8,77.7
2022-06-10,29.4,30.3,83.5
2022-06-11,9.3,31.0,79.9
2022-06-12,0.1,31.2,80.6
2022-06-13,35.4,30.3,90.8
2022-06-14,8.0,30.0,75.1
2022-06-15,12.6,29.2,79.5
2022-06-16,17.4,30.1,86.5
2022-06-17,48.0,31.0,85.0
2022-06-18,127.9,30.8,93.8
2022-06-19,110.2,29.5,93.5
2022-06-20,13.8,30.0,85.5
2022-06-21,6.5,30.9,86.5
2022-06-22,35.3,30.4,86.2
2022-06-23,51.6,30.1,82.5
2022-06-24,0.0,29.3,78.0
2022-06-25,0.0,32.7,86.8
2022-06-26,3.6,31.4,76.6
2022-06-27,2.0,30.6,82.2
2022-06-28,40.3,29.5,79.0
2022-06-29,0.0,31.3,76.5
2022-06-30,0.0,31.0,83.3
2022-07-01,27.8,30.2,85.0
2022-07-02,31.0,30.3,84.4
2022-07-03,24.2,30.1,82.1
2022-07-04,30.3,30.2,79.6
2022-07-05,1.5,31.0,83.4
2022-07-06,3.5,30.7,80.8
2022-07-07,9.2,30.5,78.0
2022-07-08,1.6,31.3,81.6
2022-07-09,49.9,28.5,90.6
2022-07-10,1.5,29.9,81.0
2022-07-11,31.3,29.8,86.5
2022-07-12,0.9,29.9,81.8
2022-07-13,52.0,29.1,87.2
2022-07-14,0.0,31.1,81.8
2022-07-15,0.0,30.2,83.9
2022-07-16,0.5,29.2,84.9
2022-07-17,12.2,29.7,85.9
2022-07-18,17.1,29.9,82.3
2022-07-19,8.9,30.0,85.1
2022-07-20,2.2,30.4,83.6
2022-07-21,14.6,30.1,81.9
2022-07-22,31.4,29.4,85.2
2022-07-23,20.5,28.9,87.0
2022-07-24,22.1,29.3,89.4
2022-07-25,8.8,29.4,77.9
2022-07-26,44.8,28.9,93.6
2022-07-27,25.6,29.8,89.3
2022-07-28,10.0,29.9,84.1
2022-07-29,13.6,30.1,83.3
2022-07-30,0.4,29.6,83.2
2022-07-31,6.0,30.5,81.0
2022-08-01,15.2,29.8,83.7
2022-08-02,1.6,29.7,77.8
2022-08-03,3.0,29.9,77.2
2022-08-04,5.9,29.1,89.8
2022-08-05,10.6,28.1,83.7
2022-08-06,11.1,28.9,84.2
2022-08-07,0.9,29.9,82.0
2022-08-08,6.8,29.4,80.4
2022-08-09,4.3,29.2,81.6
2022-08-10,3.7,28.8,82.7
2022-08-11,3.9,28.1,81.8
2022-08-12,7.6,30.0,80.6
2022-08-13,36.4,28.4,88.6
2022-08-14,23.7,28.5,85.8
2022-08-15,30.1,28.2,87.3
2022-08-16,6.2,29.7,84.6
2022-08-17,0.3,29.6,81.1
2022-08-18,17.8,28.1,83.6
2022-08-19,1.3,29.7,86.1
2022-08-20,1.8,28.8,78.8
2022-08-21,8.6,28.4,77.0
2022-08-22,24.7,28.2,86.6
2022-08-23,0.0,28.4,79.3
2022-08-24,39.7,27.2,83.8
2022-08-25,24.6,28.7,87.4
2022-08-26,1.9,28.5,80.8
2022-08-27,4.2,28.9,77.7
2022-08-28,2.9,28.7,87.0
2022-08-29,19.4,28.5,78.8
2022-08-30,11.6,27.1,82.1
2022-08-31,2.0,27.9,75.2
2022-09-01,25.3,28.3,85.1
2022-09-02,3.8,27.6,79.0
2022-09-03,7.3,28.4,83.8
2022-09-04,8.2,27.3,81.3
2022-09-05,43.1,27.4,90.6
2022-09-06,0.0,29.2,78.7
2022-09-07,0.0,28.6,75.0
2022-09-08,0.0,27.0,80.5
2022-09-09,0.0,28.6,78.9
2022-09-10,29.3,28.6,78.5
2022-09-11,16.2,29.4,78.7
2022-09-12,1.2,28.2,77.3
2022-09-13,33.2,26.4,88.8
2022-09-14,17.8,27.8,83.9
2022-09-15,1.6,28.8,78.1
2022-09-16,1.4,27.7,80.4
2022-09-17,1.7,28.3,72.8
2022-09-18,5.9,27.1,77.7
2022-09-19,11.7,27.7,81.4
2022-09-20,0.0,26.1,78.8
2022-09-21,0.0,27.0,76.5
2022-09-22,0.0,27.6,77.9
2022-09-23,0.0,27.3,78.9
2022-09-24,0.0,26.7,77.7
2022-09-25,10.4,26.9,81.7
2022-09-26,0.0,27.6,78.4
2022-09-27,1.4,27.3,79.0
2022-09-28,0.0,27.4,82.3
2022-09-29,0.0,27.7,79.5
2022-09-30,23.2,26.6,85.6
2022-10-01,8.5,27.9,76.0
2022-10-02,4.0,26.5,72.4
2022-10-03,29.2,27.7,80.4
2022-10-04,4.5,27.7,76.3
2022-10-05,1.3,26.8,80.7
2022-10-06,10.8,26.6,74.2
2022-10-07,8.4,27.0,76.8
2022-10-08,11.8,27.1,78.6
2022-10-09,31.5,27.0,80.5
2022-10-10,1.5,26.1,75.0
2022-10-11,0.0,27.1,76.2
2022-10-12,0.0,25.6,78.2
2022-10-13,6.8,26.6,80.4
2022-10-14,10.9,27.4,76.4
2022-10-15,0.0,25.9,72.0
2022-10-16,0.0,25.7,78.9
2022-10-17,0.0,26.8,70.9
2022-10-18,0.0,27.5,79.3
2022-10-19,0.1,26.8,77.8
2022-10-20,27.4,24.9,82.2
2022-10-21,5.9,25.4,76.4
2022-10-22,5.9,26.5,67.8
2022-10-23,16.6,25.5,72.5
2022-10-24,0.4,26.6,73.9
2022-10-25,13.8,26.3,72.8
2022-10-26,39.3,25.4,77.5
2022-10-27,12.3,27.3,76.1
2022-10-28,37.7,26.0,77.4
2022-10-29,0.0,27.1,68.4
2022-10-30,12.6,26.6,76.5
2022-10-31,12.2,26.0,75.1
2022-11-01,0.0,26.2,70.8
2022-11-02,0.0,26.1,73.5
2022-11-03,0.0,26.7,71.5
2022-11-04,0.0,25.9,75.0
2022-11-05,5.8,27.1,72.2
2022-11-06,0.0,25.8,74.7
2022-11-07,5.6,26.2,65.8
2022-11-08,17.0,25.7,74.3
2022-11-09,0.0,25.9,69.0
2022-11-10,0.0,27.4,67.5
2022-11-11,0.0,25.9,73.3
2022-11-12,0.0,25.9,72.4
2022-11-13,0.0,25.7,63.5
2022-11-14,0.4,26.1,71.6
2022-11-15,0.9,26.0,71.1
2022-11-16,2.0,25.4,67.2
2022-11-17,11.5,25.6,68.1
2022-11-18,0.0,26.4,63.9
2022-11-19,0.0,26.7,67.5
2022-11-20,18.9,25.7,70.7
2022-11-21,4.9,26.0,71.4
2022-11-22,2.0,25.8,69.2
2022-11-23,0.0,25.7,64.7
2022-11-24,0.0,25.5,68.5
2022-11-25,1.8,25.0,67.1
2022-11-26,23.9,25.1,68.2
2022-11-27,0.0,26.5,62.5
2022-11-28,0.0,25.7,69.0
2022-11-29,1.6,25.8,68.6
2022-11-30,13.6,25.5,70.6
2022-12-01,1.2,26.7,64.7
2022-12-02,0.0,25.4,67.1
2022-12-03,0.0,26.2,62.3
2022-12-04,0.0,26.0,63.3
2022-12-05,0.0,26.1,66.2
2022-12-06,0.0,26.2,66.8
2022-12-07,0.0,26.1,61.0
2022-12-08,0.0,26.5,62.5
2022-12-09,0.0,26.0,64.5
2022-12-10,0.0,27.1,68.3
2022-12-11,0.0,26.1,62.9
2022-12-12,5.3,24.9,66.4
2022-12-13,0.0,26.4,65.8
2022-12-14,3.1,26.2,64.7
2022-12-15,0.0,26.1,65.6
2022-12-16,0.0,25.9,60.7
2022-12-17,2.2,24.8,62.9
2022-12-18,2.5,24.9,69.2
2022-12-19,0.0,27.1,68.9
2022-12-20,0.0,25.8,66.8
2022-12-21,0.0,26.7,67.4
2022-12-22,0.0,25.2,58.6
2022-12-23,0.0,25.6,61.1
2022-12-24,0.0,26.6,62.9
2022-12-25,0.0,26.2,71.0
2022-12-26,0.0,26.6,62.7
2022-12-27,1.1,26.2,66.0
2022-12-28,0.0,26.2,64.6
2022-12-29,3.9,25.8,65.0
2022-12-30,0.0,25.6,63.2
2022-12-31,0.0,27.2,59.6
2023-01-01,0.0,27.3,55.0
2023-01-02,0.0,25.8,66.9
2023-01-03,0.0,25.8,61.1
2023-01-04,0.0,26.2,57.3
2023-01-05,0.0,26.7,64.1
2023-01-06,0.0,26.4,64.0
2023-01-07,0.0,26.8,65.0
2023-01-08,0.0,26.5,66.0
2023-01-09,0.0,26.5,59.8
2023-01-10,0.0,28.1,59.9
2023-01-11,0.0,26.3,61.5
2023-01-12,0.0,27.6,64.9
2023-01-13,0.0,27.6,56.1
2023-01-14,0.0,27.0,62.7
2023-01-15,0.0,25.6,65.1
2023-01-16,0.0,26.8,64.9
2023-01-17,0.0,26.5,64.3
2023-01-18,0.0,26.9,65.4
2023-01-19,0.0,26.2,53.9
2023-01-20,0.0,27.4,67.0
2023-01-21,0.0,27.5,63.1
2023-01-22,11.2,27.5,67.7
2023-01-23,0.0,26.8,58.5
2023-01-24,0.0,26.4,56.8
2023-01-25,0.0,27.3,67.4
2023-01-26,0.0,28.2,59.2
2023-01-27,0.0,27.2,61.1
2023-01-28,0.0,27.5,63.6
2023-01-29,0.0,27.1,64.3
2023-01-30,0.0,27.0,65.2
2023-01-31,0.0,27.7,62.7
2023-02-01,0.0,27.3,58.9
2023-02-02,0.0,27.6,64.1
2023-02-03,0.0,27.7,64.2
2023-02-04,0.0,27.7,56.6
2023-02-05,0.0,27.8,66.3
2023-02-06,0.0,27.0,54.6
2023-02-07,0.0,27.0,65.2
2023-02-08,0.0,27.6,60.3
2023-02-09,0.0,27.6,64.3
2023-02-10,0.0,27.4,63.8
2023-02-11,0.0,27.9,62.1
2023-02-12,0.0,28.3,63.7
2023-02-13,0.7,28.5,62.2
2023-02-14,0.0,28.7,64.5
2023-02-15,0.0,27.1,69.0
2023-02-16,0.0,27.2,58.5
2023-02-17,0.0,27.8,53.0
2023-02-18,0.0,28.1,61.4
2023-02-19,0.0,27.9,61.2
2023-02-20,0.0,27.8,61.6
2023-02-21,0.0,28.0,60.0
2023-02-22,0.0,28.5,65.5
2023-02-23,0.0,27.4,58.8
2023-02-24,0.0,29.7,64.4
2023-02-25,0.0,28.3,65.0
2023-02-26,0.0,29.0,64.1
2023-02-27,0.0,28.1,64.7
2023-02-28,0.0,28.8,66.2
2023-03-01,0.0,28.6,63.6
2023-03-02,0.0,29.1,62.5
2023-03-03,0.1,28.5,65.1
2023-03-04,16.4,29.2,67.9
2023-03-05,0.0,27.8,66.5
2023-03-06,0.0,29.3,58.7
2023-03-07,0.0,28.8,63.4
2023-03-08,0.0,28.2,60.9
2023-03-09,0.0,30.0,65.9
2023-03-10,0.0,30.0,66.5
2023-03-11,0.0,27.7,63.6
2023-03-12,0.0,29.1,62.3
2023-03-13,15.1,29.1,68.7
2023-03-14,0.0,29.3,64.4
2023-03-15,0.0,30.0,69.2
2023-03-16,0.0,29.9,70.3
2023-03-17,0.0,29.3,68.1
2023-03-18,0.0,30.6,66.0
2023-03-19,0.0,29.8,70.9
2023-03-20,0.0,29.1,66.2
2023-03-21,0.0,29.0,64.2
2023-03-22,0.6,30.1,63.8
2023-03-23,0.0,28.9,63.8
2023-03-24,0.0,29.2,66.0
2023-03-25,0.0,29.4,67.6
2023-03-26,0.0,29.8,62.1
2023-03-27,0.0,29.5,65.1
2023-03-28,0.0,28.8,67.3
2023-03-29,0.0,30.4,68.7
2023-03-30,0.0,29.5,66.8
2023-03-31,0.0,30.9,67.8
2023-04-01,0.0,30.0,63.5
2023-04-02,0.0,30.6,64.6
2023-04-03,0.0,30.2,67.3
2023-04-04,8.4,30.5,70.5
2023-04-05,9.0,30.1,69.9
2023-04-06,0.9,30.1,65.6
2023-04-07,0.0,30.6,67.4
2023-04-08,0.0,31.5,72.8
2023-04-09,0.0,29.9,70.1
2023-04-10,2.0,30.5,68.4
2023-04-11,0.0,30.1,65.7
2023-04-12,0.0,30.5,66.8
2023-04-13,2.2,30.2,69.5
2023-04-14,0.0,28.9,70.1
2023-04-15,0.0,30.1,71.1
2023-04-16,0.0,30.9,70.8
2023-04-17,0.0,29.8,68.7
2023-04-18,1.1,30.9,68.6
2023-04-19,0.0,30.5,76.3
2023-04-20,0.0,30.3,68.6
2023-04-21,0.0,31.0,66.6
2023-04-22,0.0,30.9,65.7
2023-04-23,5.7,30.6,70.6
2023-04-24,7.7,31.0,74.9
2023-04-25,2.0,30.6,69.7
2023-04-26,0.4,29.6,75.8
2023-04-27,22.3,29.9,74.8
2023-04-28,0.0,29.5,75.0
2023-04-29,0.0,31.0,69.6
2023-04-30,1.2,31.2,69.9
2023-05-01,16.0,30.9,74.8
2023-05-02,1.6,31.0,74.0
2023-05-03,15.4,31.0,74.3
2023-05-04,31.3,29.2,78.3
2023-05-05,7.1,30.5,75.7
2023-05-06,0.9,29.9,68.9
2023-05-07,10.8,30.4,73.8
2023-05-08,20.6,31.4,74.9
2023-05-09,32.5,30.8,77.0
2023-05-10,0.1,31.2,74.9
2023-05-11,35.7,30.0,77.7
2023-05-12,13.5,30.0,70.1
2023-05-13,2.1,30.9,73.8
2023-05-14,0.5,31.5,71.3
2023-05-15,10.2,30.9,77.6
2023-05-16,0.0,30.0,77.1
2023-05-17,3.8,30.9,68.9
2023-05-18,0.0,29.8,72.7
2023-05-19,0.0,31.4,76.3
2023-05-20,0.0,30.5,71.1
2023-05-21,7.1,30.1,79.0
2023-05-22,1.0,31.4,79.0
2023-05-23,0.0,31.3,75.4
2023-05-24,5.5,31.0,74.5
2023-05-25,9.5,32.1,70.7
2023-05-26,15.4,31.1,81.1
2023-05-27,5.6,30.5,83.3
2023-05-28,23.6,30.8,85.6
2023-05-29,7.7,30.7,77.4
2023-05-30,0.6,31.7,73.7
2023-05-31,11.9,30.9,81.4
2023-06-01,3.9,31.2,77.4
2023-06-02,3.4,30.1,79.3
2023-06-03,7.1,30.9,79.5
2023-06-04,21.8,30.5,81.2
2023-06-05,10.8,30.2,82.5
2023-06-06,10.2,30.7,82.7
2023-06-07,5.3,31.1,77.3
2023-06-08,6.4,30.8,76.4
2023-06-09,16.7,29.8,73.4
2023-06-10,8.7,30.6,78.7
2023-06-11,0.1,30.7,75.3
2023-06-12,0.0,31.1,80.0
2023-06-13,1.2,31.0,78.0
2023-06-14,1.8,30.6,78.6
2023-06-15,23.9,30.2,85.1
2023-06-16,2.8,30.9,80.8
2023-06-17,5.0,31.4,79.7
2023-06-18,7.7,30.9,85.7
2023-06-19,14.0,31.4,83.9
2023-06-20,35.5,30.8,83.8
2023-06-21,19.6,31.3,81.6
2023-06-22,0.2,31.6,82.3
2023-06-23,30.7,31.1,85.2
2023-06-24,20.8,29.7,79.9
2023-06-25,2.3,31.1,83.2
2023-06-26,21.6,31.1,87.3
2023-06-27,13.6,31.3,86.0
2023-06-28,2.3,30.2,85.5
2023-06-29,21.0,30.7,89.9
2023-06-30,2.2,30.7,86.2
2023-07-01,0.6,31.8,81.9
2023-07-02,56.6,28.7,88.7
2023-07-03,13.3,29.9,77.4
2023-07-04,2.7,29.4,81.4
2023-07-05,1.6,30.6,82.9
2023-07-06,13.5,31.6,83.3
2023-07-07,3.5,30.4,76.1
2023-07-08,0.1,30.6,80.4
2023-07-09,0.2,30.8,83.3
2023-07-10,4.3,30.3,79.0
2023-07-11,18.9,30.3,84.8
2023-07-12,11.0,30.4,84.5
2023-07-13,3.4,29.8,85.4
2023-07-14,16.3,29.9,89.2
2023-07-15,3.0,30.7,81.0
2023-07-16,9.2,30.6,83.6
2023-07-17,5.0,30.9,83.1
2023-07-18,2.9,30.3,84.2
2023-07-19,1.2,30.4,83.6
2023-07-20,6.7,30.5,87.1
2023-07-21,8.2,29.6,76.1
2023-07-22,4.3,29.6,83.8
2023-07-23,44.4,29.1,90.0
2023-07-24,6.0,29.1,82.1
2023-07-25,2.9,30.2,75.6
2023-07-26,10.3,30.4,83.3
2023-07-27,3.0,29.4,80.3
2023-07-28,16.0,29.8,89.4
2023-07-29,6.9,29.3,84.2
2023-07-30,18.6,28.8,82.4
2023-07-31,4.9,30.9,76.6
2023-08-01,40.2,28.3,89.8
2023-08-02,0.0,28.9,84.1
2023-08-03,0.0,29.8,81.3
2023-08-04,2.9,29.7,84.2
2023-08-05,16.9,29.6,83.4
2023-08-06,1.7,30.7,85.4
2023-08-07,7.5,28.9,86.0
2023-08-08,23.9,28.6,80.6
2023-08-09,0.0,30.4,77.7
2023-08-10,0.0,29.9,87.9
2023-08-11,0.0,29.8,84.6
2023-08-12,8.3,28.8,79.2
2023-08-13,0.0,29.9,77.0
2023-08-14,0.0,29.7,82.3
2023-08-15,0.0,29.3,78.2
2023-08-16,0.0,28.8,80.6
2023-08-17,0.0,29.1,81.4
2023-08-18,3.7,29.9,81.8
2023-08-19,13.6,28.1,86.8
2023-08-20,0.0,28.5,86.9
2023-08-21,0.0,28.5,79.9
2023-08-22,0.0,28.6,77.9
2023-08-23,3.8,28.7,82.9
2023-08-24,23.8,28.9,89.6
2023-08-25,4.9,28.9,80.6
2023-08-26,0.2,28.7,83.5
2023-08-27,9.4,28.6,79.8
2023-08-28,8.7,28.8,82.2
2023-08-29,3.7,27.5,77.8
2023-08-30,30.5,28.6,85.2
2023-08-31,0.8,28.0,80.3
2023-09-01,27.0,27.6,86.3
2023-09-02,15.9,28.3,88.1
2023-09-03,15.7,28.0,81.4
2023-09-04,0.6,28.6,74.3
2023-09-05,0.2,28.3,79.5
2023-09-06,2.0,28.0,81.2
2023-09-07,10.7,28.9,82.1
2023-09-08,12.9,28.3,81.2
2023-09-09,16.1,28.0,86.5
2023-09-10,7.4,28.3,81.0
2023-09-11,5.4,27.5,79.9
2023-09-12,81.6,28.1,89.0
2023-09-13,1.0,27.3,74.1
2023-09-14,5.1,27.8,80.8
2023-09-15,5.4,27.6,80.5
2023-09-16,6.4,27.5,76.6
2023-09-17,2.0,27.4,78.9
2023-09-18,3.4,27.2,78.6
2023-09-19,0.0,28.4,76.5
2023-09-20,8.4,26.7,77.2
2023-09-21,0.0,28.2,79.4
2023-09-22,0.0,27.9,77.3
2023-09-23,0.0,27.3,76.1
2023-09-24,47.5,26.8,82.3
2023-09-25,14.1,27.1,79.3
2023-09-26,3.0,26.7,80.7
2023-09-27,0.0,26.7,77.9
2023-09-28,25.4,27.2,80.3
2023-09-29,0.0,27.6,77.9
2023-09-30,0.0,27.4,81.0
2023-10-01,13.0,26.7,80.1
2023-10-02,9.4,26.9,78.7
2023-10-03,7.7,26.8,79.5
2023-10-04,0.6,26.0,75.9
2023-10-05,3.4,27.0,77.2
2023-10-06,1.4,27.3,74.7
2023-10-07,13.8,26.8,73.2
2023-10-08,1.8,28.0,76.9
2023-10-09,30.1,25.7,81.0
2023-10-10,20.3,26.1,77.5
2023-10-11,5.5,26.8,79.1
2023-10-12,16.2,26.7,75.2
2023-10-13,2.3,25.6,69.8
2023-10-14,19.0,26.7,75.4
2023-10-15,5.3,26.8,70.6
2023-10-16,26.5,24.9,79.3
2023-10-17,9.1,26.4,73.2
2023-10-18,2.1,26.1,77.2
2023-10-19,1.1,26.3,76.8
2023-10-20,0.5,25.8,70.9
2023-10-21,6.9,26.7,72.1
2023-10-22,32.3,26.9,79.7
2023-10-23,3.5,26.6,76.6
2023-10-24,0.0,25.2,66.9
2023-10-25,3.6,26.6,74.2
2023-10-26,58.0,25.2,74.7
2023-10-27,14.5,25.5,73.0
2023-10-28,0.0,26.6,75.5
2023-10-29,0.0,26.9,81.1
2023-10-30,1.6,25.9,71.4
2023-10-31,0.6,25.3,68.1
2023-11-01,20.5,24.7,73.1
2023-11-02,0.0,25.9,71.6
2023-11-03,0.0,26.2,69.2
2023-11-04,0.0,25.9,68.3
2023-11-05,0.0,25.8,69.6
2023-11-06,0.0,26.5,71.9
2023-11-07,0.0,26.5,70.0
2023-11-08,10.7,26.1,69.3
2023-11-09,23.6,26.2,71.7
2023-11-10,0.0,25.7,68.8
2023-11-11,0.0,25.5,66.9
2023-11-12,9.2,25.6,69.0
2023-11-13,3.0,25.7,71.9
2023-11-14,13.0,24.6,70.6
2023-11-15,12.6,25.5,65.8
2023-11-16,9.9,26.5,73.6
2023-11-17,0.0,26.5,70.1
2023-11-18,23.4,25.9,68.1
2023-11-19,2.5,26.1,67.8
2023-11-20,14.2,26.6,68.1
2023-11-21,16.7,25.1,72.8
2023-11-22,5.4,25.3,67.8
2023-11-23,3.9,26.6,68.3
2023-11-24,0.0,26.0,67.2
2023-11-25,0.0,25.6,63.2
2023-11-26,0.0,26.3,71.7
2023-11-27,0.0,25.7,69.3
2023-11-28,0.0,25.5,64.9
2023-11-29,0.0,25.5,67.6
2023-11-30,0.0,26.2,69.8
2023-12-01,0.0,26.1,66.9
2023-12-02,0.0,26.9,71.2
2023-12-03,0.0,25.8,75.2
2023-12-04,0.0,25.8,65.9
2023-12-05,0.0,26.9,64.4
2023-12-06,0.0,26.6,63.0
2023-12-07,9.8,25.9,60.7
2023-12-08,0.0,25.1,69.5
2023-12-09,0.0,25.5,64.5
2023-12-10,8.9,25.2,69.4
2023-12-11,2.5,26.0,68.9
2023-12-12,0.0,25.8,61.9
2023-12-13,4.9,26.9,63.0
2023-12-14,4.2,25.0,70.8
2023-12-15,6.4,25.3,65.6
2023-12-16,0.0,26.2,62.7
2023-12-17,0.0,26.4,61.5
2023-12-18,0.0,24.6,64.0
2023-12-19,0.0,25.1,68.9
2023-12-20,0.0,26.0,66.3
2023-12-21,0.0,27.0,64.7
2023-12-22,21.0,26.9,72.0
2023-12-23,0.0,25.9,68.1
2023-12-24,0.0,26.1,64.8
2023-12-25,0.0,25.7,72.1
2023-12-26,0.0,26.6,62.9
2023-12-27,0.0,27.2,66.8
2023-12-28,0.0,27.0,62.3
2023-12-29,0.0,26.3,66.1
2023-12-30,0.0,25.8,62.5
2023-12-31,0.0,26.4,64.6
2024-01-01,0.0,27.2,70.3
2024-01-02,0.0,26.2,65.9
2024-01-03,0.0,25.3,64.4
2024-01-04,0.0,26.2,60.6
2024-01-05,0.0,26.3,63.4
2024-01-06,0.0,25.4,59.7
2024-01-07,0.0,26.7,65.4
2024-01-08,0.0,26.9,65.2
2024-01-09,0.0,27.7,62.0
2024-01-10,0.0,25.8,67.5
2024-01-11,0.0,27.1,67.0
2024-01-12,0.0,27.2,62.9
2024-01-13,0.0,27.0,64.1
2024-01-14,0.0,26.1,60.6
2024-01-15,0.0,26.1,61.5
2024-01-16,0.0,26.8,59.0
2024-01-17,0.0,26.9,60.8
2024-01-18,0.0,26.5,61.9
2024-01-19,0.0,27.7,57.2
2024-01-20,0.0,26.7,63.8
2024-01-21,0.0,25.8,65.2
2024-01-22,0.0,26.8,62.0
2024-01-23,0.0,27.3,54.0
2024-01-24,0.0,27.3,61.3
2024-01-25,0.0,27.3,57.8
2024-01-26,0.0,28.0,60.2
2024-01-27,0.0,26.5,66.4
2024-01-28,0.0,26.9,54.7
2024-01-29,0.0,28.2,59.6
2024-01-30,0.0,26.1,64.5
2024-01-31,0.0,27.3,59.9
2024-02-01,0.0,28.1,59.7
2024-02-02,0.0,28.1,68.1
2024-02-03,0.0,27.8,63.2
2024-02-04,0.0,27.9,64.9
2024-02-05,0.0,26.9,63.6
2024-02-06,0.0,28.4,62.6
2024-02-07,0.0,26.9,65.9
2024-02-08,0.0,26.9,67.9
2024-02-09,0.0,27.9,57.1
2024-02-10,0.0,27.4,62.1
2024-02-11,0.0,27.9,62.1
2024-02-12,0.0,28.0,61.0
2024-02-13,0.0,28.9,65.3
2024-02-14,0.0,28.1,63.2
2024-02-15,0.0,27.5,68.2
2024-02-16,0.0,28.4,65.8
2024-02-17,0.0,27.5,66.6
2024-02-18,0.0,28.6,59.0
2024-02-19,0.0,28.1,60.2
2024-02-20,0.0,28.4,60.6
2024-02-21,0.0,27.1,66.8
2024-02-22,0.0,26.8,60.0
2024-02-23,0.0,27.3,60.1
2024-02-24,0.0,29.3,59.6
2024-02-25,0.0,27.6,71.3
2024-02-26,0.0,28.8,62.7
2024-02-27,0.0,28.0,64.8
2024-02-28,0.0,28.3,59.9
2024-02-29,0.0,28.5,66.3
2024-03-01,0.0,29.5,58.2
2024-03-02,0.0,28.9,60.7
2024-03-03,0.0,28.9,61.5
2024-03-04,0.0,29.5,64.4
2024-03-05,0.0,28.3,61.5
2024-03-06,0.0,29.4,68.6
2024-03-07,0.0,29.3,65.6
2024-03-08,0.0,29.4,62.1
2024-03-09,0.0,28.8,67.3
2024-03-10,0.0,28.7,63.2
2024-03-11,0.0,28.4,62.8
2024-03-12,0.0,28.5,67.3
2024-03-13,0.0,28.5,57.4
2024-03-14,0.0,29.3,67.1
2024-03-15,0.0,29.0,62.9
2024-03-16,0.0,29.4,63.0
2024-03-17,0.0,29.5,71.1
2024-03-18,0.0,28.6,63.8
2024-03-19,0.0,28.6,68.4
2024-03-20,0.0,29.2,66.5
2024-03-21,16.6,28.6,69.4
2024-03-22,0.0,28.9,65.2
2024-03-23,0.0,30.5,65.1
2024-03-24,0.0,28.6,70.8
2024-03-25,0.0,30.8,69.1
2024-03-26,0.0,29.8,65.0
2024-03-27,0.0,30.2,63.5
2024-03-28,0.0,30.2,65.0
2024-03-29,0.0,30.1,69.9
2024-03-30,0.0,30.7,70.6
2024-03-31,0.0,29.1,68.9
2024-04-01,0.0,29.7,62.5
2024-04-02,0.0,29.3,69.8
2024-04-03,0.0,28.9,71.6
2024-04-04,0.0,29.5,68.3
2024-04-05,0.0,31.1,73.9
2024-04-06,29.2,29.3,68.6
2024-04-07,0.0,31.2,70.4
2024-04-08,0.0,31.3,65.4
2024-04-09,0.0,31.9,71.8
2024-04-10,0.0,31.3,70.6
2024-04-11,27.9,31.0,78.5
2024-04-12,17.7,30.0,73.3
2024-04-13,0.0,30.4,68.1
2024-04-14,0.0,30.4,68.0
2024-04-15,0.0,30.3,68.9
2024-04-16,0.0,30.4,68.2
2024-04-17,0.0,30.8,74.0
2024-04-18,0.0,30.1,73.9
2024-04-19,0.0,29.6,65.8
2024-04-20,16.8,30.3,73.1
2024-04-21,0.3,30.0,70.9
2024-04-22,6.0,30.0,69.4
2024-04-23,2.2,30.4,72.6
2024-04-24,0.0,30.3,75.5
2024-04-25,0.0,31.2,74.0
2024-04-26,0.2,30.5,75.6
2024-04-27,0.0,31.3,69.5
2024-04-28,0.0,30.7,71.9
2024-04-29,0.0,30.6,69.7
2024-04-30,0.0,30.8,72.9
2024-05-01,4.9,29.8,74.1
2024-05-02,16.2,30.6,77.8
2024-05-03,9.3,31.1,78.0
2024-05-04,15.6,31.0,77.3
2024-05-05,2.4,29.9,70.8
2024-05-06,28.5,29.3,73.4
2024-05-07,10.7,30.3,76.5
2024-05-08,24.0,31.2,81.6
2024-05-09,4.1,30.9,74.3
2024-05-10,0.0,30.4,69.3
2024-05-11,7.9,29.8,81.5
2024-05-12,1.2,30.4,75.9
2024-05-13,5.8,30.3,75.8
2024-05-14,13.5,31.2,73.1
2024-05-15,6.5,31.4,75.7
2024-05-16,3.1,30.2,77.4
2024-05-17,6.9,31.2,77.6
2024-05-18,15.2,31.0,75.5
2024-05-19,7.1,30.1,76.3
2024-05-20,0.0,30.9,73.7
2024-05-21,20.3,30.8,83.7
2024-05-22,35.2,30.4,83.8
2024-05-23,20.4,29.5,77.5
2024-05-24,7.3,30.9,73.8
2024-05-25,14.4,31.1,79.3
2024-05-26,4.6,31.8,75.7
2024-05-27,0.0,30.6,75.4
2024-05-28,0.0,30.7,73.4
2024-05-29,27.5,30.3,78.0
2024-05-30,18.0,30.8,80.3
2024-05-31,0.0,31.1,76.4
2024-06-01,0.0,31.4,84.9
2024-06-02,19.4,29.9,82.2
2024-06-03,6.7,31.1,75.2
2024-06-04,4.6,30.5,73.9
2024-06-05,7.3,30.8,80.2
2024-06-06,23.3,31.5,80.4
2024-06-07,51.4,29.1,89.9
2024-06-08,12.5,30.6,81.1
2024-06-09,34.1,29.5,77.7
2024-06-10,5.2,30.9,76.3
2024-06-11,10.1,31.4,78.2
2024-06-12,10.1,30.8,81.7
2024-06-13,7.1,30.7,76.9
2024-06-14,20.7,31.3,82.7
2024-06-15,3.2,31.0,75.7
2024-06-16,15.3,31.1,81.7
2024-06-17,28.5,30.7,84.9
2024-06-18,37.7,28.4,89.6
2024-06-19,5.7,30.7,81.3
2024-06-20,27.1,29.7,81.4
2024-06-21,46.4,29.4,91.3
2024-06-22,0.0,31.7,79.5
2024-06-23,32.0,29.9,87.2
2024-06-24,38.3,31.1,84.1
2024-06-25,77.6,28.7,92.2
2024-06-26,0.7,30.1,78.1
2024-06-27,7.7,31.0,82.6
2024-06-28,0.0,30.5,83.0
2024-06-29,72.8,29.7,90.1
2024-06-30,9.0,30.4,80.5
2024-07-01,18.4,30.2,84.7
2024-07-02,18.8,30.1,81.3
2024-07-03,47.5,29.7,83.6
2024-07-04,2.9,30.9,82.6
2024-07-05,3.3,31.4,81.3
2024-07-06,13.6,30.1,82.9
2024-07-07,37.2,29.5,88.4
2024-07-08,6.7,30.0,84.3
2024-07-09,1.2,31.3,81.1
2024-07-10,15.5,30.5,80.4
2024-07-11,3.8,29.2,80.2
2024-07-12,0.4,29.2,83.4
2024-07-13,68.0,28.6,92.2
2024-07-14,10.0,30.2,81.5
2024-07-15,38.8,29.5,85.2
2024-07-16,6.7,30.4,84.6
2024-07-17,4.5,30.0,81.8
2024-07-18,0.6,31.0,84.2
2024-07-19,5.8,30.5,85.4
2024-07-20,7.5,30.0,82.1
2024-07-21,0.1,30.8,84.8
2024-07-22,0.0,29.0,82.3
2024-07-23,62.8,28.8,92.2
2024-07-24,0.0,30.1,75.4
2024-07-25,2.3,30.2,79.4
2024-07-26,4.9,28.8,80.0
2024-07-27,60.4,28.5,90.1
2024-07-28,56.7,28.9,90.8
2024-07-29,5.4,30.0,83.3
2024-07-30,12.9,30.2,84.8
2024-07-31,0.4,30.2,80.0
2024-08-01,4.1,29.6,84.7
2024-08-02,6.2,29.9,88.3
2024-08-03,12.9,29.2,82.8
2024-08-04,1.2,29.6,80.1
2024-08-05,44.0,29.1,86.5
2024-08-06,5.9,29.3,83.0
2024-08-07,0.8,29.6,80.4
2024-08-08,28.3,29.4,80.9
2024-08-09,43.2,28.9,83.9
2024-08-10,2.3,30.0,85.2
2024-08-11,4.6,30.6,86.3
2024-08-12,20.8,29.2,89.6
2024-08-13,1.5,28.9,82.6
2024-08-14,3.0,29.4,79.1
2024-08-15,12.4,29.2,82.1
2024-08-16,14.8,29.1,79.3
2024-08-17,0.8,29.9,77.0
2024-08-18,2.5,27.9,82.6
2024-08-19,13.7,29.6,85.0
2024-08-20,19.2,29.6,90.1
2024-08-21,3.8,29.1,81.6
2024-08-22,6.3,29.1,78.1
2024-08-23,0.4,28.6,80.8
2024-08-24,28.4,28.2,84.4
2024-08-25,1.8,29.1,79.8
2024-08-26,18.9,28.7,84.7
2024-08-27,3.4,29.0,77.7
2024-08-28,5.8,28.8,82.0
2024-08-29,0.0,29.1,82.6
2024-08-30,0.0,29.0,84.8
2024-08-31,0.0,27.8,81.4
2024-09-01,11.0,28.7,85.1
2024-09-02,0.0,29.5,78.9
2024-09-03,0.0,28.3,79.3
2024-09-04,0.0,29.2,84.1
2024-09-05,10.5,27.5,77.4
2024-09-06,21.5,27.7,81.9
2024-09-07,0.0,27.8,83.1
2024-09-08,1.4,28.9,79.2
2024-09-09,2.7,29.0,79.1
2024-09-10,77.8,26.7,90.3
2024-09-11,27.8,28.1,83.8
2024-09-12,0.3,28.9,82.5
2024-09-13,0.4,27.9,81.9
2024-09-14,12.0,27.7,80.8
2024-09-15,2.8,28.2,82.5
2024-09-16,0.0,27.3,79.7
2024-09-17,0.0,27.8,81.1
2024-09-18,0.0,29.0,75.3
2024-09-19,65.1,26.1,93.3
2024-09-20,2.5,28.1,79.2
2024-09-21,3.8,27.8,70.3
2024-09-22,11.1,27.2,84.5
2024-09-23,3.3,27.5,78.2
2024-09-24,0.0,28.5,76.4
2024-09-25,0.0,27.7,75.6
2024-09-26,11.7,27.6,80.4
2024-09-27,17.2,27.9,77.1
2024-09-28,42.9,26.3,81.7
2024-09-29,6.8,26.5,76.2
2024-09-30,3.4,28.2,76.3
2024-10-01,0.3,27.2,75.1
2024-10-02,1.1,27.7,79.1
2024-10-03,0.0,26.6,77.1
2024-10-04,0.0,27.3,77.3
2024-10-05,0.0,26.4,77.8
2024-10-06,0.0,27.0,75.5
2024-10-07,0.3,26.6,72.6
2024-10-08,10.8,26.2,82.5
2024-10-09,29.9,26.1,82.6
2024-10-10,13.8,25.2,82.0
2024-10-11,22.7,25.7,81.5
2024-10-12,1.0,27.2,73.6
2024-10-13,0.8,27.0,67.7
2024-10-14,15.2,25.8,73.1
2024-10-15,0.1,27.0,76.2
2024-10-16,1.0,26.1,74.0
2024-10-17,8.5,26.9,74.0
2024-10-18,11.1,26.3,68.0
2024-10-19,28.5,25.8,77.9
2024-10-20,6.2,26.4,71.1
2024-10-21,14.4,27.8,73.3
2024-10-22,17.0,25.7,78.2
2024-10-23,1.8,26.6,70.1
2024-10-24,50.0,25.9,77.5
2024-10-25,3.8,25.8,73.7
2024-10-26,1.9,25.4,75.3
2024-10-27,15.0,25.7,73.3
2024-10-28,0.2,26.8,76.5
2024-10-29,16.3,25.8,70.5
2024-10-30,9.0,26.0,68.7
2024-10-31,19.1,26.5,69.8
2024-11-01,0.0,25.8,66.4
2024-11-02,13.4,25.9,74.2
2024-11-03,10.3,25.1,69.7
2024-11-04,33.5,25.7,71.7
2024-11-05,2.7,26.3,72.3
2024-11-06,0.0,26.7,73.0
2024-11-07,4.9,25.4,74.3
2024-11-08,1.7,26.0,73.1
2024-11-09,3.2,25.3,67.8
2024-11-10,2.7,25.9,71.1
2024-11-11,2.3,27.0,71.5
2024-11-12,9.4,25.7,69.5
2024-11-13,4.3,25.2,70.5
2024-11-14,7.6,25.5,66.6
2024-11-15,0.0,25.1,67.2
2024-11-16,0.0,25.3,70.0
2024-11-17,16.2,26.1,75.7
2024-11-18,3.0,25.1,72.4
2024-11-19,37.2,25.5,75.9
2024-11-20,0.8,26.0,68.6
2024-11-21,0.0,25.7,67.8
2024-11-22,0.0,26.2,63.6
2024-11-23,0.0,25.4,65.2
2024-11-24,0.0,26.5,65.2
2024-11-25,0.0,25.6,69.2
2024-11-26,6.0,25.7,71.0
2024-11-27,24.5,25.2,73.0
2024-11-28,7.6,26.3,71.7
2024-11-29,3.1,26.3,67.5
2024-11-30,1.9,24.4,64.0
2024-12-01,6.8,26.0,67.4
2024-12-02,16.7,24.6,66.7
2024-12-03,1.7,25.8,68.5
2024-12-04,0.0,25.9,65.0
2024-12-05,0.9,25.8,65.8
2024-12-06,5.3,26.2,68.7
2024-12-07,0.0,26.5,63.5
2024-12-08,0.0,25.6,68.5
2024-12-09,0.0,25.6,61.4
2024-12-10,0.0,26.0,66.2
2024-12-11,0.0,25.1,64.9
2024-12-12,0.0,25.8,67.5
2024-12-13,11.9,26.6,62.6
2024-12-14,0.0,25.2,60.2
2024-12-15,0.0,25.9,67.0
2024-12-16,0.0,25.8,63.4
2024-12-17,0.0,27.3,64.2
2024-12-18,0.0,25.8,62.4
2024-12-19,0.2,25.9,67.0
2024-12-20,0.0,25.5,65.0
2024-12-21,0.0,26.2,64.8
2024-12-22,0.0,26.4,60.4
2024-12-23,3.5,25.6,65.9
2024-12-24,0.0,26.8,60.8
2024-12-25,0.0,26.4,61.7
2024-12-26,0.0,26.8,59.5
2024-12-27,0.0,26.1,63.0
2024-12-28,0.0,26.5,66.6
2024-12-29,0.0,26.2,64.0
2024-12-30,0.0,27.2,61.9
2024-12-31,0.0,26.4,63.4
